,Name,Cusines,Dining_style,Phone number,Website,Location,Payment Options
0,"
Rangrez Indian Restaurant & Bar
",Indian,Casual Dining,+44 20 8563 7176,http://www.rangrez.co.uk/,"
32 Fulham Palace Road, London, W6 9PH
","AMEX, Mastercard, Visa"
1,"
The Havelock Tavern
",British,Casual Dining,+44 20 7603 5374,http://www.havelocktavern.com/,"
57 Masbro Road, London, W14 0LS
","AMEX, Mastercard, Visa"
2,"
Arena Restaurant Wembley
",Greek,Casual Dining,+44 20 8902 1898,http://www.arenarestaurant.co.uk/,"
307 Harrow Road, London, HA9 6BD
","AMEX, Diners Club, Mastercard, Visa"
3,"
Augustine Kitchen
",French,Casual Dining,+44 20 7978 7085,http://www.augustine-kitchen.co.uk/,"
63 Battersea Bridge Road, London, SW11 3AU
","AMEX, Mastercard, Visa"
4,"
Cambio de Tercio
",Spanish,Casual Dining,+44 20 7244 8970,http://www.cambiodeterciogroup.co.uk/,"
163 Old Brompton Road, London, SW5 0LJ
","AMEX, Mastercard, Visa"
5,"
Capote y Toros
",Spanish,Casual Dining,+44 20 7373 0567,http://www.cambiodeterciogroup.co.uk/,"
157 Old Brompton Road, London, SW5 0LJ
","AMEX, Mastercard, Visa"
6,"
Tendido Cero
",Spanish,Casual Dining,+44 20 7370 3685,http://www.cambiodeterciogroup.co.uk/,"
174 Old Brompton Road, London, SW5 0BA
","AMEX, Mastercard, Visa"
7,"
Orjowan
",Lebanese,Casual Dining,+44 20 7370 3074,http://www.orjowan.co.uk/,"
6-8 Kenway Road, London, SW5 0RR
","Mastercard, Visa"
8,"
Big Easy Covent Garden
","American, Barbecue, Seafood",Casual Dining,+44 20 4580 1173,http://www.bigeasy.co.uk/,"
12 Maiden Lane Covent Garden, London, WC2E 7NA
","AMEX, Mastercard, Visa"
9,"
Apulia
","Mediterranean, Italian, Pizzeria",Casual Dining,+44 20 7600 8107,http://www.apuliarestaurant.co.uk/,"
50 Long Lane, London, EC1A 9EJ
","AMEX, Mastercard, Visa"
10,"
Iberica Farringdon
","Spanish, Tapas / Small Plates, Mediterranean",Casual Dining,+44 20 3026 5118,http://www.ibericarestaurants.com/,"
89 Turnmill Street, London, EC1M 5QU
","AMEX, Mastercard, Visa"
11,"
Mountain View Restaurant
","Indian, Nepalese",Casual Dining,+44 20 8858 0227,http://mountainviewgreenwich.co.uk/,"
160 Trafalgar Road, London, SE10 9TZ
","AMEX, Mastercard, Visa"
12,"
Aqua Shard
","Contemporary British, British, Cocktail bar",Casual Elegant,+44 20 3011 1256,https://aquashard.co.uk/,"
Level 31, The Shard, London, SE1 9RY
","AMEX, Mastercard, Visa"
13,"
The Fable
","British, European",Casual Elegant,+44 20 7651 4940,http://www.thefablebar.co.uk/,"
52 Holborn Viaduct, London, EC1A 2FD
","AMEX, Mastercard, Visa"
14,"
Pix Notting Hill
",Tapas / Small Plates,Casual Dining,+44 20 7727 6978,http://www.pix-bar.com/nottinghill.html,"
185 Portobello Road, London, W11 2ED
","AMEX, Mastercard, Visa"
15,"
UNI
","Sushi, Japanese, Peruvian",Casual Elegant,+44 20 7730 9267,http://www.restaurantuni.com/,"
The Tophams Hotel 24-32 Ebury Street, London, SW1W 0LU
","AMEX, Mastercard, Visa"
16,"
Harar Restaurant
","Ethiopian, English, Thaï",Casual Dining,+44 20 7735 8915,http://www.hararrestaurant.co.uk/,"
49 South Lambeth Road, London, SW8 1RH
","Mastercard, Visa"
17,"
Fortnum and Mason - St. Pancras Station
",British,Casual Elegant,+44 20 7734 8040,http://www.fortnumandmason.co.uk/,"
St Pancras International Station, London, N1C 4QP
","Mastercard, Visa"
18,"
Siracusa Italian Kitchen
",British,Casual Dining,+44 20 7734 8040,http://www.fortnumandmason.co.uk/,"
High Street, London, TW8 8LF
","AMEX, Mastercard, Visa"
19,"
Manuel's Restaurant and Bar
","Italian, Mediterranean",Casual Dining,+44 20 8670 1843,http://www.manuelsrestaurantandbar.com/,"
129 Gipsy Hill, London, SE19 1QS
","AMEX, Diners Club, JCB, Mastercard, Visa"
20,"
Sushi Cafe
","Japanese, Chinese",Casual Dining,+44 20 7228 7011,http://www.sushicafe.co.uk/,"
555 Battersea Park Road, London, SW11 3BL
","Mastercard, Visa"
21,"
Bloody Bens
","Tapas / Small Plates, Cocktail bar, Distillery",Casual Dining,+44 20 8944 0452,http://www.bloodybens.com/,"
422 Garratt Lane, London, SW18 4HW
","AMEX, Mastercard, Visa"
22,"
Madhu's Heathrow Restaurant
","Indian, Contemporary Indian",Fine Dining,+44 20 8564 3380,http://www.madhusheathrow.com/,"
Madhus at Sheraton Skyline Hotel Bath Road, London, UB3 5BP
","AMEX, Diners Club, Mastercard, Visa"
23,"
Wild Mango in Kent
",Indian,Casual Dining,+44 20 8793 3502,http://www.wildmango.co.uk/,"
243 High Street, London, BR3 1BN
","Mastercard, Visa"
24,"
Great Queen Street
","British, European",Casual Dining,+44 20 7242 0622,http://www.greatqueenstreetrestaurant.com/,"
32 Great Queen Street, London, WC2B 5AA
","Mastercard, Visa"
25,"
Lyle's Restaurant
",British,Casual Dining,+44 20 3011 5911,http://lyleslondon.com/,"
56 Shoreditch High Street, London, E1 6JJ
","AMEX, Mastercard, Visa"
26,"
Social 24
",Contemporary British,Casual Dining,+44 20 7877 7703,http://www.citysociallondon.com/,"
25 Old Broad Street Tower 42, London, EC2N 1HT
","AMEX, Mastercard, Visa"
27,"
Thai Taste Restaurant
",Thaï,Casual Elegant,+44 20 7373 1647,http://www.thaitasterestaurant.co.uk/,"
130 Cromwell Road, London, SW7 4ET
","AMEX, Mastercard, Visa"
28,"
Super Star
",Chinese,Casual Dining,+44 20 7287 3822,http://www.superstarrestaurant.com/,"
17 Lisle street, London, WC2H 7BE
","Mastercard, Visa"
29,"
BEAST
","Steak, Seafood",Casual Elegant,+44 20 7495 1816,http://www.beastrestaurant.co.uk/,"
3 Chapel Place, London, W1G 0BG
","AMEX, Mastercard, Visa"
30,"
The India Gate
","Indian, Nepalese",Casual Dining,+44 20 8699 9345,http://www.theindiagaterestaurant.co.uk/,"
47 London Rd Forrest Hill, London, SE23 3TY
","Mastercard, Visa"
31,"
BOMBAY CHOW
","Chinese, Fusion / Eclectic",Casual Dining,+44 20 8741 0292,http://www.bombaychow.co.uk/,"
220 King Street, London, W6 0RA
","Mastercard, Visa"
32,"
Ham Yard Bar and Restaurant
","Modern European, British",Casual Dining,+44 20 3642 1007,http://www.hamyardhotel.com/,"
One Ham Yard, London, W1D 7DT
","AMEX, Carte Blanche, Diners Club, Discover, JCB, Mastercard, Visa"
33,"
Alex Dilling at Hotel Café Royal
","French, Contemporary European, Modern European",Casual Dining,+44 20 7459 4022,https://alexdilling.com/,"
68 Regent St., London, W1B 4DY
","AMEX, Mastercard, Visa"
34,"
The Blues Kitchen - Shoreditch
",American,Casual Dining,+44 20 7729 7216,http://www.theblueskitchen.com/,"
The Blues Kitchen 134 Curtain Road, London, EC2A 3AR
","Mastercard, Visa"
35,"
Arabica Borough Market
","Middle Eastern, Lebanese, Turkish",Casual Dining,+44 20 3011 5151,http://www.arabicalondon.com/,"
3 Rochester Walk, London, SE1 9AF
","AMEX, Mastercard, Visa"
36,"
Chef's Table at Marcus
","British, Contemporary European",Casual Elegant,+44 20 7235 1200,http://www.marcuswareing.com/private-dining/chefs-table-at-marcus/,"
The Berkeley Wilton Place, London, SW1X 7RL
","AMEX, Mastercard, Visa"
37,"
La Pizzeria Italiana
","Italian, Pizzeria, Seafood",Casual Dining,+44 20 8461 4606,http://www.lapizzaitalia.com/,"
3, Eros House Brownhill Rd, London, SE6 2EF
","AMEX, JCB, Mastercard, Visa"
38,"
Pix - Covent Garden
",Tapas / Small Plates,Casual Dining,+44 20 7836 9779,http://www.pix-bar.com/,"
63 Neal Street, London, WC2H 9PJ
","AMEX, Mastercard, Visa"
39,"
The City Barge
","Gastro Pub, Seafood",Casual Dining,+44 20 8994 2148,http://www.citybargechiswick.com/,"
27 Strand on the Green, London, W4 3PH
","AMEX, Mastercard, Visa"
40,"
La Tagliata
",Italian,Casual Elegant,+44 20 7377 1551,https://www.la-tagliata.com/,"
11 Sandy's Row, London, E1 7HW
","AMEX, Mastercard, Visa"
41,"
Sweet Thursday
","Pizzeria, Italian",Casual Dining,+44 20 7226 1727,http://www.sweetthursday.co.uk/,"
95 Southgate Road, London, N1 3JS
","Cash not accepted, Mastercard, Visa"
42,"
The Scolt Head
",British,Casual Dining,+44 20 7254 3965,http://www.thescolthead.co.uk/contact.htm,"
107A Culford Road, London, N1 4HT
","Mastercard, Visa"
43,"
Kouzu
","Japanese, Asian, Pan-Asian",Casual Elegant,+44 20 7730 7043,http://www.kouzu.co.uk/,"
21 Grosvenor Gardens, London, SW1W 0JW
","AMEX, Mastercard, Visa"
44,"
The Wine Place - South Kensington
","Japanese, Asian, Pan-Asian",Casual Dining,+44 20 7730 7043,http://www.italianwines.com/,"
72 Old Brompton Road, London, SW7 3LQ
","AMEX, Mastercard, Visa"
45,"
Corner Room
","Contemporary British, European",Casual Dining,+44 20 8709 4525,https://www.townhallhotel.com/food-and-drink/corner_room,"
Town Hall Hotel Patriot Square, London, E2 9NF
","AMEX, Mastercard, Visa"
46,"
Bife
","Steakhouse, Bar / Lounge / Bottle Service, Argentinian",Casual Dining,+44 20 7650 7948,http://www.bife.co.uk/,"
40-42 Middlesex Street, London, E1 7EX
","AMEX, Mastercard, Visa"
47,"
M Threadneedle Street
","Steakhouse, Steak, Seafood",Casual Elegant,+44 20 3327 7770,http://www.mrestaurants.co.uk/,"
2 & 3 Threadneedle Walk, London, EC2R 8HP
","AMEX, Cheque Gourmet, Diners Club, Mastercard, Visa"
48,"
Omnino Leadenhall
",Steak,Casual Dining,+44 20 3538 3530,http://www.omninorestaurants.com/,"
78-79 Leadenhall Street, London, EC3A 3DH
","AMEX, Mastercard, Visa"
49,"
Boot and Flogger
","British, Winery, Wine Bar",Casual Dining,+44 20 7407 1184,http://www.davy.co.uk/bootandflogger,"
10-20 Redcross Way, London, SE1 1TA
","AMEX, Mastercard, Visa"
50,"
The Factory House
","British, Breakfast, Steakhouse",Casual Dining,+44 20 7929 4590,http://www.davy.co.uk/wine-bar/factory-house/,"
No. 10 Lime Street, London, EC3M 7AA
","AMEX, Mastercard, Visa"
51,"
Davy's at Plantation Place
","British, Wine Bar, Winery",Casual Dining,+44 20 7621 9878,http://www.davy.co.uk/plantationplace,"
Unit 8, London, EC3R 7BD
","AMEX, Mastercard, Visa"
52,"
The Bunghole Cellars
","British, Wine Bar, Winery",Casual Dining,+44 20 7831 8365,https://www.davy.co.uk/bunghole-cellars/,"
57 High Holborn, London, WC1V 6DT
","AMEX, Mastercard, Visa"
53,"
Sorella
",Italian,Casual Dining,+44 20 7720 4662,http://www.sorellarestaurant.co.uk/,"
148 Clapham Manor Street, London, SW4 6BX
","Mastercard, Visa"
54,"
Afternoon Tea at St Paul's Hotel
",Italian,Fine Dining,+44 20 7720 4662,http://www.sorellarestaurant.co.uk/,"
153 Hammersmith Road, London, W6 7BY
","AMEX, Mastercard, Visa"
55,"
Spring Restaurant
",Contemporary British,Casual Elegant,+44 20 3011 0115,http://www.springrestaurant.co.uk/,"
Somerset House, New Wing Lancaster Place, London, WC2R 1LA
","AMEX, Mastercard, Visa"
56,"
Blades Restaurant
",Italian,Casual Dining,+44 20 8789 0869,http://www.bladesrestaurant.co.uk/,"
94 Lower Richmond Road Putney, London, SW15 1LL
","Mastercard, Visa"
57,"
Ristorante Belvedere
",Italian,Casual Elegant,+44 20 8998 9786,http://www.ristorantebelvedere.co.uk/,"
11/12 Abbey Parade, London, W5 1EE
","AMEX, Mastercard, Visa"
58,"
The Duke
","British, Gastro Pub",Casual Dining,+44 20 8989 0014,http://thedukewanstead.com/,"
79 Nightingale Lane, London, E11 2EY
","AMEX, Mastercard, Visa"
59,"
Twist
","Tapas / Small Plates, Mediterranean, Steak",Casual Dining,+44 20 7723 3377,http://www.twistkitchen.co.uk/,"
42 Crawford Street, London, W1H 1JW
","AMEX, Mastercard, Visa"
60,"
Pix Confessional Cocktail Club
",Tapas / Small Plates,Casual Dining,+44 20 7727 6978,http://www.pix-bar.com/,"
185 Portobello Road, London, W11 2ED
","Mastercard, Visa"
61,"
The Rajdoot
","Indian, Contemporary Indian, Southeast Asian",Casual Dining,+44 20 7486 2055,http://therajdootindian.com/,"
49 Paddington St, London, W1U 4HW
","AMEX, Mastercard, Visa"
62,"
Rondo
","British, Vegetarian / Vegan, Organic",Casual Dining,+44 20 7661 3030,https://thehoxton.com/london/holborn/rondo-restaurant/,"
199-206 High Holborn, London, WC1V 7BD
","AMEX, Mastercard, Visa"
63,"
Villa di Geggiano
",Italian,Casual Elegant,+44 20 3384 9442,http://www.villadigeggiano.co.uk/,"
66-68 Chiswick High Road, London, W4 1SY
","AMEX, Carte Blanche, Diners Club, Discover, JCB, Mastercard, Pay with "
64,"
Pachamama
","Peruvian, Contemporary Latin American, Tapas / Small Plates",Casual Dining,+44 20 7935 9393,http://www.pachamamalondon.com/,"
18 Thayer Street, London, W1U 3JY
","AMEX, Diners Club, JCB, Mastercard, Visa"
65,"
Ristorante Frescobaldi London
","Italian, Modern Tuscan",Fine Dining,+44 20 3693 3435,http://www.frescobaldi.london/,"
15 New Burlington Place, London, W1S 2HX
","AMEX, Mastercard, Visa"
66,"
Senor Ceviche - Carnaby
","Peruvian, South American, Tapas / Small Plates",Casual Dining,+44 20 7842 8540,http://www.senor-ceviche.com/,"
Kingly Court, London, W1B 5PW
","AMEX, Mastercard, Visa"
67,"
Champagne Bar at The Landmark London Hotel
","Modern European, Afternoon Tea, Bar / Lounge / Bottle Service",Casual Elegant,+44 20 7631 8000,https://www.landmarklondon.co.uk/dining/,"
222 Marylebone Rd, London, NW1 6JQ
","AMEX, Mastercard, Visa"
68,"
Zaika Restaurant
",Indian,Fine Dining,+44 20 7795 6533,http://www.zaikaofkensington.com/,"
1 Kensington High Street, London, W8 5NP
","AMEX, Mastercard, Visa"
69,"
The Duke Of Cambridge
","British, Organic",Casual Dining,+44 20 7359 3066,http://www.dukeorganic.co.uk/,"
30 St Peter's Street, London, N1 8JT
","AMEX, Mastercard, Visa"
70,"
Engawa Restaurant
",Japanese,Elegant Dining,+44 20 7287 5724,http://www.engawa.london/,"
Unit 4, 2 Ham Yard, London, W1D 7DT
","AMEX, Mastercard, Visa"
71,"
Chai Wu Harrods
","Chinese, Asian",Fine Dining,+44 20 3819 8888,http://www.chaiwu.co.uk/,"
87-135 Brompton Road, London, SW1X 7XL
","AMEX, Diners Club, Discover, JCB, Mastercard, Visa"
72,"
Jinjuu Soho
","Korean, Asian, Fusion / Eclectic",Casual Dining,+44 20 8181 8887,http://www.jinjuu.com/,"
15 Kingly Street, London, W1B 5PS
","AMEX, Mastercard, Visa"
73,"
Tredwells
","British, Contemporary British, Vegetarian / Vegan",Casual Dining,+44 20 3764 0840,http://www.tredwells.com/,"
4A Upper St Martins Lane, London, WC2H 9NY
","AMEX, Mastercard, Visa"
74,"
Sinabro Restaurant
",French,Casual Elegant,+44 20 3302 3120,http://www.sinabro.co.uk/,"
28 Battersea Rise, London, SW11 1EE
","AMEX, Mastercard, Visa"
75,"
Tapa Tapa
","Tapas / Small Plates, Spanish, European",Casual Dining,+44 20 7473 4874,http://www.tapatapa.com/,"
Unit R4, Warehouse K, Western Gateway, London, E16 1DR
","AMEX, Mastercard, Visa"
76,"
Yida Sushi Restaurant
",Japanese,Casual Dining,+44 20 8617 9949,http://www.yidasushi.uk/,"
246 St Paul's Rd, London, N1 2LJ
","Mastercard, Visa"
77,"
Yama Momo
","Japanese, Asian",Casual Dining,+44 20 8299 1007,http://www.yamamomo.co.uk/,"
72 Lordship Lane, London, SE22 8HF
","AMEX, Mastercard, Visa"
78,"
Bugis Street Brasserie at Millennium Gloucester Hotel
","Southeast Asian, Chinese",Casual Dining,+44 20 7331 6211,http://www.millenniumhotels.co.uk/millenniumglouce,"
Millennium Gloucester Hotel Courtfield Road, London, SW7 4LH
","AMEX, Diners Club, JCB, Mastercard, Visa"
79,"
Alexander The Great
","Greek, Mediterranean",Casual Dining,+44 20 7388 1111,https://alexanderthegreatgreekrestaurant.co.uk/,"
8 Plender St, London, NW1 0JT
","AMEX, Mastercard, Visa"
80,"
Pino
","Italian, Wine Bar, Tapas / Small Plates",Casual Dining,+44 20 7602 6777,http://www.pinobar.co.uk/,"
267 Kensington High Street, London, W8 6NA
","AMEX, Mastercard, Visa"
81,"
Shampan Welling
","Indian, Halal",Casual Dining,+44 20 8304 9569,http://www.shampangroup.co.uk/,"
8 Falconwood Parade, London, DA16 2PL
","AMEX, Mastercard, Visa"
82,"
Hixter Bankside Restaurant & Bar
","British, Steak, Asian",Casual Dining,+44 20 7921 9508,http://www.hixterbankside.co.uk/,"
16 Great Guildford Street, London, SE1 0HS
","AMEX, Mastercard, Visa"
83,"
Cepages
","French, Tapas / Small Plates, Bistro",Casual Dining,+44 20 3602 8890,http://cepages.co.uk/,"
69 Westbourne Park Road, London, W2 5QH
","AMEX, Mastercard, Visa"
84,"
Afternoon Tea at Rosewood London
",Afternoon Tea,Casual Elegant,+44 20 3747 8670,http://www.rosewoodhotels.com/en/london/dining/Art-Afternoon-Tea,"
252 High Holborn, London, WC1V 7EN
","AMEX, Mastercard, Visa"
85,"
Thali and Pickles
",Indian,Fine Dining,+44 20 8673 3773,http://thaliandpickles.co.uk/index.html,"
5-6 Balham Station Road, London, SW12 9SG
","AMEX, Discover, JCB, Mastercard, Visa"
86,"
Laxeiro
","Spanish, European, Vegetarian",Casual Dining,+44 20 7729 1147,http://www.laxeiro.co.uk/,"
93 Columbia Road, London, E2 7RG
","Mastercard, Visa"
87,"
Zelman Meats
","Meat, Steak, Barbecue",Casual Dining,+44 20 7437 0566,http://www.zelmanmeats.com/,"
2 St Anne""s Court, London, W1F 0AZ
","AMEX, Mastercard, Visa"
88,"
The Arber Garden
","British, European",Casual Dining,+44 20 3761 0200,https://www.thearbergarden.co.uk/,"
1 Pearson Square, London, W1W 7EY
","AMEX, Mastercard, Visa"
89,"
Li Veli Winery & Bistro
","Italian, Mediterranean, Bar / Lounge / Bottle Service",Casual Dining,+44 20 7240 8163,http://www.liveli.co.uk/,"
69 Long Acre, London, WC2E 9JS
","AMEX, Mastercard, Visa"
90,"
Bar Restaurant 48
","Eritrean, Ethiopian, Tapas / Small Plates",Casual Dining,+44 7940 785579,http://www.bar48london.com/,"
48 Brixton Road, London, SW9 6BT
","AMEX, Mastercard, Visa"
91,"
The Crown & Anchor
","British, Beer Garden, Bar / Lounge / Bottle Service",Casual Dining,+44 20 7737 0060,http://www.crownandanchorbrixton.co.uk/,"
246 Brixton Road, London, SW9 6AQ
","AMEX, Mastercard, Visa"
92,"
Shimogamo
","Japanese, Sushi",Casual Elegant,+44 20 7424 9560,http://www.shimogamo.co.uk/,"
108 Parkway, London, NW1 7AN
","Mastercard, Visa"
93,"
Ottolenghi Spitalfields
","Mediterranean, Middle Eastern",Casual Elegant,+44 20 7247 1999,http://www.ottolenghi.co.uk/,"
50 Artillery Lane, London, E1 7LJ
","Mastercard, Visa"
94,"
Niche Gluten-free Dining
","Contemporary European, Comfort food, Vegetarian / Vegan",Casual Elegant,+44 20 7837 5048,http://www.nichefoodanddrink.com/,"
197-199 Rosebery Avenue, London, EC1R 4TJ
","AMEX, Mastercard, Visa"
95,"
Bang Bang Vietnamese Canteen
","Vietnamese, Asian",Casual Dining,+44 20 7388 3629,http://www.bangbangcanteen.co.uk/,"
53 Warren Street, London, W1T 5NL
","AMEX, Mastercard, Visa"
96,"
Alexandrie Restaurant
","Egyptian, Middle Eastern, Mediterranean",Casual Elegant,+44 20 7937 2244,http://www.alexandrie.co.uk/,"
38c Kensington Church Street, London, W8 4BX
","AMEX, Mastercard, Visa"
97,"
Smith & Wollensky London
","Steakhouse, Steak, American",Casual Elegant,+44 20 7321 6007,http://www.smithandwollensky.co.uk/,"
The Adelphi Building, London, WC2N 6HT
","AMEX, Mastercard, Visa"
98,"
Nam Long Le Shaker
","Pan-Asian, Asian, Vietnamese",Casual Dining,+44 20 7373 1926,http://www.namlong.co.uk/,"
159 Old Brompton Road, London, SW5 0LJ
","AMEX, Mastercard, Visa"
99,"
Panshi Hinchley Wood
",Indian,Casual Dining,+44 20 8398 8585,http://www.thepanshi.co.uk/,"
7 Station Approach, London, KT10 0SP
","Mastercard, Visa"
100,"
The Botanist Broadgate Circle
",British,Casual Dining,+44 20 3058 9888,http://www.thebotanistbroadgate.com/,"
Unit T5, London, EC2M 2QS
","AMEX, Mastercard, Visa"
101,"
Café Murano – Covent Garden Dining Counter
","Italian, Italian",Casual Dining,+44 20 7240 3654,http://www.cafemurano.co.uk/,"
36 Tavistock Street, London, WC2E 7PB
","AMEX, Mastercard, Visa"
102,"
2K Steak House
","Argentinian, Steakhouse",Casual Elegant,+44 20 7354 0300,http://www.2ksteakhouse.london/,"
326 Essex Road, London, N1 3PB
","Mastercard, Visa"
103,"
Camino Bankside
",Spanish,Casual Dining,+44 20 3617 3169,http://www.camino.uk.com/,"
5 Canvey Street, London, SE1 9
","AMEX, Mastercard, Visa"
104,"
Daylesford Marylebone
","Organic, British, Afternoon Tea",Casual Dining,+44 20 3696 6500,http://daylesford.com/,"
6-8 Blandford Street, London, W1U 4AU
","AMEX, Mastercard, Visa"
105,"
Wright Brothers - South Kensington
","Seafood, Fish",Casual Dining,+44 20 7581 0131,http://www.thewrightbrothers.co.uk/,"
56 Old Brompton Road, London, SW7 3DY
","AMEX, Mastercard, Visa"
106,"
Hungry Donkey
","Greek, Vegetarian, Mediterranean",Casual Dining,+44 20 7392 9649,http://www.hungrydonkey.co.uk/,"
56 Wentworth street, London, E1 7AL
","AMEX, Mastercard, Visa"
107,"
The Little Viet Kitchen
",Vietnamese,Casual Dining,+44 20 7837 9779,http://www.thelittlevietkitchen.com/,"
2 Chapel Market, London, N1 9EZ
","AMEX, Mastercard, Visa"
108,"
The Orangery at Number Sixteen Hotel
",British,Casual Elegant,+44 20 3642 2038,https://www.firmdalehotels.com/hotels/london/number-sixteen/the-orangery-at-number-sixteen/,"
16 Sumner Place, London, SW7 3EG
","AMEX, Mastercard, Visa"
109,"
Yauatcha City (Sharing Tables)
",Chinese,Casual Dining,+44 20 3817 9888,http://www.yauatcha.com/,"
Broadgate Circle, London, EC2M 2QS
","AMEX, Mastercard, Visa"
110,"
Yauatcha City
",Chinese,Casual Dining,+44 20 3817 9888,http://www.yauatcha.com/,"
Broadgate Circle, London, EC2M 2QS
","AMEX, Mastercard, Visa"
111,"
Masala Kitchen
",Indian,Casual Dining,+44 20 8870 2468,http://themasalakitchen.com/,"
103 East Hill, London, SW18 2QB
","AMEX, Mastercard, Visa"
112,"
LOBOS Meat & Tapas - Borough
",Spanish,Casual Dining,+44 20 7407 5361,http://www.lobostapas.co.uk/,"
14 Borough High Street, London, SE1 9QG
","AMEX, Mastercard, Visa"
113,"
ROKA - Aldwych
",Japanese,Casual Elegant,+44 20 7294 7636,http://www.rokarestaurant.com/,"
71 Aldwych, London, WC2B 4HN
","AMEX, Mastercard, Visa"
114,"
Estiatorio Milos – London
","Seafood, Mediterranean, Greek",Casual Elegant,+44 20 7839 2080,http://www.estiatoriomilos.com/,"
1 Regent Street, London, SW1Y 4NR
","AMEX, Mastercard, Visa"
115,"
TOKIMEITE
",Japanese,Casual Elegant,+44 20 3826 4411,http://www.tokimeite.com/,"
23 Conduit Street, London, W1S 2XS
","AMEX, Mastercard, Visa"
116,"
Black Roe
","Asian, Global, International, Sushi",Casual Dining,+44 20 3794 8448,http://www.blackroe.com/,"
4 Mill Street, London, W1S 2AX
","AMEX, Mastercard, Visa"
117,"
Chai Ki (Restaurant)
","Contemporary Indian, Soul food, Soul food",Casual Elegant,+44 20 7516 0444,http://www.chai-ki.com/,"
1 Crossrail Place, London, E14 5AR
","AMEX, JCB, Mastercard, Visa"
118,"
Theo Simple Italian Afternoon Tea
","Italian, Afternoon Tea",Casual Dining,+44 20 7370 9130,http://www.theossimpleitalian.co.uk/italian-afternoon-tea,"
34-44 Barkston Gardens, London, SW5 0EW
","Mastercard, Visa"
119,"
May Fair Bar
","Bar / Lounge / Bottle Service, Cocktail bar",Casual Elegant,+44 20 7769 8200,https://www.themayfairhotel.co.uk/en/bars-and-restaurants/bar.html,"
Stratton Street, London, W1J 8LT
","AMEX, Mastercard, Visa"
120,"
La Mama Acasa
",Eastern European,Casual Dining,+44 209 514 1325,http://lamama.co.uk/,"
81 Cranbrook Road, London, IG1 4PG
","AMEX, Mastercard, Visa"
121,"
Afternoon Tea at Flemings Mayfair
","Afternoon Tea, European",Casual Dining,+44 20 7016 5601,https://www.flemings-mayfair.co.uk/fine-dining-london/the-drawing-room,"
7-12 Half Moon St, London, W1J 7BH
","AMEX, Diners Club, Discover, JCB, Mastercard, Visa"
122,"
Pidgin
","Modern European, British, International",Casual Dining,+44 20 7254 8311,http://www.pidginlondon.com/,"
52 Wilton Way, London, E8 1BG
","AMEX, Mastercard, Visa"
123,"
Goldfish Modern Chinese & Dim Sum Restaurant
","Chinese, Dim Sum",Casual Elegant,+44 20 7794 2828,http://www.goldfish-restaurant.com/,"
16 Hampstead High Street, London, NW3 1PX
","Mastercard, Visa"
124,"
The Italian Greyhound
","Italian, British",Casual Dining,+44 20 3826 7940,http://theitaliangreyhound.co.uk/,"
62-64 Seymour Street, London, W1H 5BN
","AMEX, Mastercard, Visa"
125,"
ZIMA Russian Restaurant
","Russian, Eastern European, Contemporary European",Casual Dining,+44 20 7494 9111,http://zima.restaurant/,"
45 Frith Street, London, W1D 4SD
","AMEX, Mastercard, Visa"
126,"
Casa Cruz
","Argentinian, South American, European",Casual Elegant,+44 20 3321 5400,http://www.casacruz.co.uk/,"
123a Clarendon Road, London, W11 4JG
","AMEX, Mastercard, Visa"
127,"
Tootoomoo Whetstone
","Pan-Asian, Chinese, Japanese",Casual Dining,+44 20 8446 8644,http://www.tootoomoo.co.uk/,"
1371 High Road, London, N20 9LN
","AMEX, Mastercard, Visa"
128,"
Bella Cosa Restaurant
","Italian, Pizza Bar, Seafood",Fine Dining,+44 20 7132 1212,http://www.bellacosarestaurant.com/,"
Drewry House 213 Marsh Wall, London, E14 9FJ
","AMEX, Diners Club, Discover, JCB, Mastercard, Visa"
129,"
Fulham Kitchen
","Continental, Mediterranean",Casual Elegant,+44 20 3609 3354,http://www.fulhamkitchen.com/,"
228 Munster Road, London, SW6 6AZ
","AMEX, Mastercard, Visa"
130,"
Dan&Angel Restaurant
","Pizza Bar, Mediterranean, Vegetarian / Vegan",Casual Dining,+44 20 7738 1222,http://www.dnarestaurant.uk/,"
143 St John Hill, London, SW11 1TQ
","AMEX, Mastercard, Visa"
131,"
Arlo's Balham
","Steak, Vegetarian, British",Casual Dining,+44 20 3019 6590,http://www.arlos.co.uk/,"
1 Ramsden Road, London, SW12 8QX
","Mastercard, Visa"
132,"
Swans Bar at Maison Assouline
","French, Modern European",Casual Elegant,+44 20 3034 1197,http://www.maisonassouline.com/,"
196A Piccadilly, London, W1J 9EY
","AMEX, Mastercard, Visa"
133,"
TOZI Victoria
",Italian,Casual Dining,+44 20 7769 9771,http://www.tozirestaurant.co.uk/home,"
8 Gillingham Street, London, SW1V 1HJ
","AMEX, Diners Club, Discover, JCB, Mastercard, Visa"
134,"
La Petite Ferme London
",French,Home Style,+44 20 7837 5293,http://www.lafermelondon.com/,"
102-104 Farringdon, London, EC1R 3EA
","AMEX, Mastercard, Visa"
135,"
Delicious by Franco
",Italian,Casual Dining,+44 20 7482 3460,http://www.deliciousbyfranco.co.uk/,"
320 Kentish Town Road, London, NW5 2HT
","Mastercard, Visa"
136,"
Orford Road Tapas
","Spanish, Latin / Spanish, Mediterranean",Casual Dining,+44 20 8503 6542,http://orfordtapas.co.uk/,"
32 Orford Road, London, E17 9NJ
","AMEX, Mastercard, Visa"
137,"
Iberica Victoria
","Spanish, Tapas / Small Plates, Mediterranean",Casual Dining,+44 20 3026 5118,http://www.ibericarestaurants.com/,"
5-6 Zig Zag Building, London, SW1E 6SQ
","AMEX, Mastercard, Visa"
138,"
The Market Thai
","Spanish, Tapas / Small Plates, Mediterranean",Casual Dining,+44 20 3026 5118,http://www.ibericarestaurants.com/,"
240 Portobello Rd, London, W11 1LL
","Mastercard, Visa"
139,"
SUSHINOEN
",Japanese,Casual Dining,+44 20 3645 6734,http://www.sushinoen.com/,"
2 White Church Ln, London, E1 7QR
","AMEX, JCB, Mastercard, Visa"
140,"
Indian Curry House Village Masaleh
","Indian, Pizzeria",Casual Dining,+44 20 8674 3388,http://www.lacasadegliamici.com/,"
196 Norwood Road Tulse Hill, London, SE27 9AU
","Mastercard, Visa"
141,"
Social Wine and Tapas
","Tapas / Small Plates, British",Casual Dining,+44 20 7993 3257,http://www.socialwineandtapas.com/,"
39 James Street, London, W1U 1DL
","AMEX, Mastercard, Visa"
142,"
El Inca Plebeyo
","Latin American, South American, Fusion / Eclectic",Casual Dining,+44 20 7704 9393,http://www.elincaplebeyo.co.uk/,"
162 Essex Road, London, N1 8LY
","Mastercard, Pay with OpenTable, Visa"
143,"
La Barrique
","Pizza Bar, Wine Bar",Casual Dining,+44 20 7474 8042,http://www.labarrique.co.uk/,"
Warehouse K Western Gateway, London, E16 1DR
","AMEX, Discover, Mastercard, Visa"
144,"
Canto Corvino
",Italian,Casual Elegant,+44 20 7655 0390,http://www.cantocorvino.co.uk/,"
21 Artilery lane Spitalfields, London, E1 7HA
","AMEX, Mastercard, Visa"
145,"
Bnova
",Indian,Casual Dining,+44 20 8905 6966,http://bnova.co.uk/,"
865 Honeypot Ln, London, HA7 1AR
","Mastercard, Visa"
146,"
The Green Room
","European, British, Burgers",Fine Dining,+44 20 7452 3600,http://www.greenroom.london/,"
101 Upper Ground, London, SE1 9PP
","Mastercard, Visa"
147,"
Cacio & Pepe
","Italian, Mediterranean, European",Casual Dining,+44 20 7630 7588,http://www.cacioepepe.co.uk/,"
46 Churton Street, London, SW1V 2LP
","AMEX, Diners Club, Mastercard, Visa"
148,"
Thai Square Fulham
",Thaï,Casual Elegant,+44 20 7386 9900,https://thaisq.com/,"
563 Fulham Road, London, SW6 1ES
","AMEX, JCB, Mastercard, Visa"
149,"
Cafe Amaranth
","Thaï, Indonesian / Malaysian, Asian",Casual Dining,+44 20 8874 9036,http://www.cafeamaranth.co.uk/,"
346-348 Garratt Lane, London, SW18 4ES
","Mastercard, Visa"
150,"
M Raw Victoria Street
","Vegetarian / Vegan, International, Fusion / Eclectic",Casual Elegant,+44 20 3327 7776,http://www.mrestaurants.co.uk/,"
3 Zig Zag Building 70 Victoria Street, London, SW1E 6SQ
","AMEX, Diners Club, Mastercard, Visa"
151,"
Buenos Aires Cafe - Greenwich
","Argentinian, Steak",Casual Dining,+44 20 8858 9172,http://buenosairescafe.co.uk/,"
15 Nelson Road Greenwich Peninsula, London, SE10 9JB
","Mastercard, Visa"
152,"
Buenos Aires Cafe - Blackheath
","Argentinian, Steak, Pizzeria",Casual Dining,+44 20 8318 5333,http://www.buenosairescafe.co.uk/,"
17 Royal Parade, London, SE3 0TL
","Mastercard, Visa"
153,"
Ludlow's
","Mediterranean, Bar / Lounge / Bottle Service",Casual Dining,+44 20 7228 8840,http://ludlowsbarestaurant.com/,"
15 Battersea Square, London, SW11 3RA
","AMEX, Mastercard, Visa"
154,"
Belgo Centraal
","Belgian, European",Casual Dining,+44 20 7813 2233,http://www.belgo.com/restaurant/centraal/,"
50 Earlham Street, London, WC2H 9LA
","AMEX, Diners Club, Mastercard, Visa"
155,"
Bandol
","French, Seafood, Contemporary French",Casual Elegant,+44 20 7351 1322,http://www.barbandol.co.uk/,"
6 Hollywood Road, London, SW10 9HY
","AMEX, Mastercard, Visa"
156,"
Blues Kitchen Brixton - Drinks Tables
","American, Burgers, Barbecue",Casual Dining,+44 20 7274 0591,https://theblueskitchen.com/brixton/listings/,"
40 Acre Lane, London, SW2 5SP
","Mastercard, Visa"
157,"
Enoteca Rabezzana
",Italian,Casual Elegant,+44 20 7600 0266,http://www.rabezzana.co.uk/,"
62-63 Long Lane, London, EC1A 9EJ
","AMEX, Diners Club, JCB, Mastercard, Visa"
158,"
Ours
",Mediterranean,Casual Elegant,+44 20 7100 2200,http://www.restaurant-ours.com/,"
264 Brompton Road, London, SW3 2AS
","AMEX, Diners Club, Mastercard, Visa"
159,"
The One Tun
",Pan-Asian,Casual Dining,+44 20 7405 1521,http://www.onetun.co.uk/,"
125/6 Saffron Hill, London, EC1N 8QS
","AMEX, Mastercard, Visa"
160,"
Suchard Thai Restaurant
",Thaï,Casual Dining,+44 20 7357 6381,http://www.suchardthai.co.uk/,"
102 Tooley Street London Bridge, London, SE1 2TH
","Mastercard, Visa"
161,"
Flora Indica
","Indian, Bar / Lounge / Bottle Service, British",Fine Dining,+44 20 7370 4450,http://www.flora-indica.com/,"
242 Old Brompton Road, London, SW5 0DE
","AMEX, Mastercard, Visa"
162,"
Zest Restaurant @ JW3
","Middle Eastern, Kosher, Vegetarian / Vegan",Casual Elegant,+44 20 7433 8955,http://www.zestatjw3.co.uk/,"
341-351 Finchley Road, London, NW3 6ET
","Mastercard, Visa"
163,"
The Culpeper
",European,Casual Elegant,+44 20 7247 5371,http://www.theculpeper.com/,"
40 Commercial Street, London, E1 6LP
","AMEX, Mastercard, Visa"
164,"
Pure Indian Cooking
",Indian,Fine Dining,+44 20 7736 2521,http://www.pureindiancooking.com/,"
67 Fulham High street, London, SW6 3JJ
","AMEX, Mastercard, Visa"
165,"
Foxlow Balham
","British, International",Casual Dining,+44 20 7680 2700,http://www.foxlow.co.uk/,"
15-19 Bedford Hill, London, SW12 9EX
","AMEX, Mastercard, Visa"
166,"
Cochin - Finchley Central
",Indian,Casual Dining,+44 20 8346 1685,http://www.cochinrestaurant.co.uk/,"
54 Ballards Lane, London, N3 2BU
","Mastercard, Visa"
167,"
Fiddie's
",Italian,Casual Dining,+44 20 7586 5050,http://www.fiddiesitaliankitchen.com/,"
13 New College Parade, London, NW3 5EP
","Mastercard, Visa"
168,"
Oaka at The Mansion House
",Pan-Asian,Casual Dining,+44 20 7582 5599,http://www.oakalondon.com/about,"
48 Kennington Park Road, London, SW11 4RS
","AMEX, Mastercard, Visa"
169,"
Haweli of Ealing
",Halal,Fine Dining,+44 20 7582 5599,http://www.oakalondon.com/about,"
127-129 Uxbridge Road, London, W13 9AU
","AMEX, Mastercard, Visa"
170,"
Kintan
","Japanese, Barbecue, Japanese (Yakiniku)",Casual Dining,+44 20 7242 8076,http://kintan.uk/,"
34 High Holborn, London, WC1V 6AE
","AMEX, Mastercard, Visa"
171,"
Lisa's Italian
",Italian,Casual Dining,+44 20 8964 8293,http://www.lisasportobello.com/,"
305 Portobello Road, London, W10 5TD
","AMEX, Mastercard, Visa"
172,"
The Royal Oak
","Gastro Pub, British",Casual Dining,+44 20 8527 2022,http://royaloakhighamspark.co.uk/,"
320 Hale End Road, London, IG8 9LN
","Mastercard, Visa"
173,"
Gunpowder
",Indian,Casual Dining,+44 20 7426 0542,http://www.gunpowderlondon.com/,"
11 White's Row, London, E1 7NF
","Mastercard, Visa"
174,"
Itto Noodle Bar
",Chinese,Casual Dining,+44 20 7275 8827,http://itto.co.uk/,"
226 Stoke Newington High Street, London, N16 7HU
","Mastercard, Visa"
175,"
Arabesque Restaurant London
",Mediterranean,Casual Dining,+44 20 7041 9793,http://arabesquerestaurant.co.uk/,"
23 Winchester Rd, London, NW3 3NR
","Diners Club, Discover, Mastercard, Visa"
176,"
Shack-Fuyu
",Japanese,Casual Dining,+44 20 3019 3492,https://bonedaddies.com/shack-fuyu-menu/,"
14a Old Compton Street, London, W1D 4TJ
","AMEX, Mastercard, Visa"
177,"
Fuji Restaurant
","Japanese, Sushi",Casual Elegant,+44 20 7254 6093,http://fujirestaurant.co.uk/,"
15 Stoke Newington Church Street, London, N16 0NX
","Mastercard, Visa"
178,"
Mesi's Kitchen
",Ethiopian,Casual Dining,+44 7522 425852,http://www.mesiskitchen.com/,"
128 Holloway Road, London, N7 8JE
","Mastercard, Visa"
179,"
Union Viet
","Vietnamese, Asian",Casual Dining,+44 20 3302 8828,http://www.unionviet.com/,"
120 Union St, London, SE1 0FR
","AMEX, Carte Blanche, Diners Club, Discover, JCB, Mastercard, Visa"
180,"
Peninsula Restaurant - InterContinental London The O2
","Modern European, British, Modern European",Elegant Dining,+44 20 8463 6868,http://www.iclondon-theo2.com/dining/peninsula-restaurant,"
1 Waterview Drive Greenwich Peninsula, London, SE10 0TW
","AMEX, Mastercard, Visa"
181,"
Boqueria - Battersea
","Spanish, Tapas / Small Plates",Casual Elegant,+44 20 7498 8427,http://boqueriatapas.com/,"
278 Queenstown Road, London, SW8 4LT
","Mastercard, Visa"
182,"
Hobson's Fish and Chips Restaurant
","British, Seafood",Casual Dining,+44 20 7229 4161,http://www.hobsonsfishandchips.com/,"
9 Porchestor Road, London, W2 5DP
","Mastercard, Visa"
183,"
Le Bar
","French, Bar / Lounge / Bottle Service",Casual Dining,+44 20 7600 7561,http://lebarlondon.co.uk/,"
59 West Smithfield, London, EC1A 9DS
","AMEX, Mastercard, Visa"
184,"
Ukai
","Japanese, Sushi",Casual Elegant,+44 7710 583161,http://www.ukai.co.uk/,"
240 Portobello Road, London, W11 1LL
","AMEX, Mastercard, Visa"
185,"
Beef & Brew, Kentish Town
",Steak,Casual Dining,+44 20 7998 1511,http://www.beef-and-brew.co.uk/,"
323 Kentish Town Road, London, NW5 2TJ
","Mastercard, Visa"
186,"
Jam&Taste
",Caribbean,Casual Elegant,+44 7837 086266,http://www.jamntaste.co.uk/,"
42 Hanbury St, London, E1 5JL
","AMEX, Carte Blanche, Discover, JCB, Mastercard, Visa"
187,"
Rudie's
","Jamaican, Caribbean",Casual Dining,+44 20 7249 9930,http://www.rudieslondon.com/,"
50 Stoke Newington Road, London, N16 7XB
","AMEX, Mastercard, Visa"
188,"
RustiKo Soho
",Italian,Casual Dining,+44 20 7734 6361,http://www.rustikosoho.com/,"
37 Old Compton Street, London, W1D 5JY
","AMEX, Mastercard, Visa"
189,"
Bellillo UK
","Italian, Pizzeria, Farm-to-table",Casual Dining,+44 20 7381 1411,https://bellillo.co.uk/london/,"
255 Munster Road, London, SW6 6BW
","AMEX, Diners Club, Discover, Mastercard, Visa"
190,"
Marco Polo
","Italian, Pizzeria, Farm-to-table",Casual Elegant,+44 20 7381 1411,https://bellillo.co.uk/london/,"
Unit 6+7 Riverside Quarter Eastfields Ave, London, SW18 1LP
","Mastercard, Visa"
191,"
Salut! - Islington
","Modern European, French, British",Casual Dining,+44 20 3441 8808,http://www.salut-london.co.uk/,"
412 Essex Road, London, N1 3PJ
","Mastercard, Visa"
192,"
The Lighterman
","British, European",Casual Dining,+44 20 3846 3400,http://www.thelighterman.co.uk/,"
3 Granary Square, London, N1C 4BH
","AMEX, Mastercard, Visa"
193,"
Obicà Mozzarella Bar - St Pauls
","Italian, Mediterranean, Pizzeria",Casual Dining,+44 20 3146 2261,http://www.obica.com/,"
Unit 4, London, EC4M 7AX
","AMEX, Mastercard, Visa"
194,"
El Vino at Fleet Street
","Tapas / Small Plates, Wine Bar, Winery",Casual Dining,+44 20 7353 6786,https://www.davy.co.uk/wine-bar/el-vino-fleet-street/,"
47 Fleet Street, London, EC4Y 1BJ
","AMEX, Mastercard, Visa"
195,"
The Harcourt
","European, French, British",Casual Elegant,+44 20 3771 8660,http://www.theharcourt.com/,"
32 Harcourt Street, London, W1H 4HX
","AMEX, Mastercard, Visa"
196,"
Romulo Cafe London
","Filipino, Pan-Asian",Casual Elegant,+44 20 3141 6390,http://www.romulocafe.co.uk/,"
343 Kensington High Street, London, W8 6NW
","AMEX, Diners Club, Mastercard, Visa"
197,"
Afternoon Tea at The Chesterfield Mayfair
","Afternoon Tea, British, English",Casual Elegant,+44 20 7958 7729,http://www.chesterfieldmayfair.com/,"
35 Charles Street, London, W1J 5EB
","AMEX, JCB, Mastercard, Visa"
198,"
Tarshish
","Turkish, Mediterranean",Casual Dining,+44 20 8881 6479,http://www.tarshish.co.uk/,"
16 - 20 High Road, London, N22 6BX
","Mastercard, Visa"
199,"
Caffe Concerto Northumberland Avenue
","Cafe Dining, Italian",Casual Dining,+44 20 7494 6851,https://www.caffeconcerto.co.uk/restaurant/northumberland-avenue.html,"
4-5 Northumberland Ave, London, WC2N 5BW
","Mastercard, Visa"
200,"
Angoletto
",Italian,Casual Dining,+44 20 7978 2231,http://www.angoletto.co.uk/,"
50 Battersea Park Road, London, SW11 4JP
","Mastercard, Visa"
201,"
MK Bar and Grill
","Italian, Modern European",Casual Dining,+44 20 7589 1383,http://www.huxbrasserie.com/,"
25-35 Gloucester Road, London, SW7 4PL
","AMEX, Mastercard, Visa"
202,"
Raj of Kensington
",Indian,Fine Dining,+44 20 7937 6182,http://rajofkensington.com/,"
1 Abingdon Rd, London, W8 6AH
","AMEX, JCB, Mastercard, Visa"
203,"
MNKY HSE
",Latin American,Casual Dining,+44 20 3870 4880,http://www.mnky-hse.com/,"
10 Dover St, London, W1S 4LQ
","AMEX, Discover, JCB, Mastercard, Visa"
204,"
Al Forno - Shepherd's Bush
",Latin American,Casual Dining,+44 20 3870 4880,http://www.mnky-hse.com/,"
3 - 4 Romney Court, London, W12 8PY
","AMEX, Mastercard, Visa"
205,"
Band of Burgers
",Burgers,Casual Dining,+44 20 7387 3898,http://bandofburgers.co.uk/,"
23 Camden High Street, London, NW1 7JE
","Mastercard, Visa"
206,"
The Westbury
","British, Bar / Lounge / Bottle Service, Beer Garden",Casual Dining,+44 20 8889 2059,http://www.westburyn22.com/,"
57 Westbury Avenue, London, N22 6SA
","Mastercard, Visa"
207,"
Primavera Restaurant
",Italian,Casual Elegant,+44 20 7731 0156,http://www.primaverafulham.co.uk/,"
106 New King's Road Fulham, London, SW6 4LY
","Mastercard, Visa"
208,"
Cafe Monico
",International,Casual Dining,+44 20 3727 6161,http://www.cafemonico.com/,"
39-45 Shaftesbury Avenue, London, W1D 6LA
","Mastercard, Visa"
209,"
Steam Restaurant
","Chinese, Dim Sum",Casual Dining,+44 20 3490 2300,http://www.steamrestaurant.co.uk/,"
177 King street, London, W6 9JT
","AMEX, Mastercard, Visa"
210,"
Cocotte Notting Hill
","Comfort food, Vegetarian",Casual Dining,+44 20 3220 0076,http://mycocotte.uk/,"
95 Westbourne Grove, London, W2 4UW
","AMEX, Mastercard, Visa"
211,"
Luppolo
","Pizzeria, Italian",Casual Dining,+44 20 8530 8528,http://www.luppolopizza.com/,"
36-38 High Street Wanstead, London, E11 2RJ
","AMEX, Cash not accepted, Mastercard, Visa"
212,"
Blacklock Soho
","Steak, Barbecue, British",Casual Dining,+44 20 3441 6996,http://theblacklock.com/soho/,"
24 Great Windmill Street, London, W1D 7LG
","AMEX, Mastercard, Visa"
213,"
Sirous Steak and Persian Cuisine Restaurant
","Steakhouse, Grill, Vegetarian / Vegan",Casual Dining,+44 20 7435 8164,http://www.sirous.co.uk/,"
268 West End Lane, London, NW6 1LJ
","AMEX, Mastercard, Visa"
214,"
Blandford Comptoir
","Mediterranean, French",Casual Dining,+44 20 7935 4626,http://www.blandford-comptoir.co.uk/,"
1 Blandford Street, London, W1U 3DA
","AMEX, Mastercard, Visa"
215,"
Aqua Bar & Grill - Petts Wood
","Mediterranean, Modern European, Steak",Casual Elegant,+44 1689 666220,http://www.aquabarandgrill.co.uk/,"
Station Square, London, BR5 1LZ
","AMEX, Mastercard, Visa"
216,"
Franks Canteen
","European, British, Contemporary European",Casual Dining,+44 20 7354 4830,http://www.frankscanteen.com/,"
86 Highbury Park, London, N5 2XE
","AMEX, Cash not accepted, Mastercard, Visa"
217,"
East Street
","Pan-Asian, Asian",Casual Dining,+44 20 7323 0860,http://eaststreetrestaurant.com/,"
3-5 Rathbone Place, London, W1T 1HJ
","Mastercard, Visa"
218,"
Chislehurst Curry & Grill
",Indian,Casual Dining,+44 20 8467 9390,http://chislehurstcurry-grill.co.uk/,"
53 Chislehurst Road Chislehurst, London, BR7 5NP
","Mastercard, Visa"
219,"
Le Caprice Bar Counter
",Modern European,Casual Elegant,+44 20 7629 2239,http://www.le-caprice.co.uk/,"
Arlington Street, London, SW1A 1RJ
","Mastercard, Visa"
220,"
Patara - Hampstead High Street
",Thaï,Casual Elegant,+44 20 7431 5902,http://www.pataralondon.com/,"
82 Hampstead High Street, London, NW3 1RE
","AMEX, Mastercard, Visa"
221,"
The Restaurant at St Martins Lane London
","British, Contemporary British, Breakfast",Casual Elegant,+44 20 7300 5588,https://www.sbe.com/restaurants/the-restaurant/st-martins-lane-london,"
45 St. Martin's Lane, London, WC2N 4HX
","AMEX, Mastercard, Visa"
222,"
som saa
",Thaï,Casual Dining,+44 20 7324 7790,http://www.somsaa.com/,"
43A Commercial Street, London, E1 6BD
","AMEX, Mastercard, Visa"
223,"
Buonasera
","Italian, Pizzeria",Casual Dining,+44 20 7228 9925,http://buonasera.co.uk/,"
22-26 Northcote Road, London, SW11 1NX
","Mastercard, Visa"
224,"
The Jam
",Italian,Casual Dining,+44 20 7352 8827,http://www.buonaseraatthejam.co.uk/,"
289A Kings Road, London, SW3 5EW
","AMEX, Mastercard, Visa"
225,"
Ormer Mayfair
","British, Contemporary European, European",Casual Elegant,+44 20 7016 5601,http://www.ormermayfair.co.uk/,"
7-12 Half Moon Street, London, W1J 7BH
","AMEX, Diners Club, Mastercard, Visa"
226,"
Picture Fitzrovia
",Modern European,Casual Dining,+44 20 7637 7892,http://picturerestaurant.co.uk/,"
110 Great Portland Street, London, W1W 6PQ
","AMEX, Mastercard, Visa"
227,"
Red Rooster Shoreditch
","Soul food, South American, Comfort food",Casual Dining,+44 20 3146 4545,http://www.thecurtain.com/,"
45 Curtain Road, London, EC2A 3PT
","AMEX, Mastercard, Visa"
228,"
Red Rose Of Chessington
",Indian,Casual Dining,+44 20 8391 5530,http://www.redroseofchessington.co.uk/#/,"
334 Hook Road, London, KT9 1NU
","AMEX, Mastercard, Visa"
229,"
Cattle & Co.
","Barbecue, Bar / Lounge / Bottle Service, American",Casual Dining,+44 20 7693 7278,http://www.cattleandco.com/,"
3-9 Chalton Street, London, NW1 1JD
","Mastercard, Visa"
230,"
Margot Restaurant
",Italian,Casual Elegant,+44 20 3409 4777,http://www.margotrestaurant.com/,"
45 Great Queen Street, London, WC2B 5AA
","AMEX, Mastercard, Visa"
231,"
Pho House Highbury
",Vietnamese,Casual Dining,+44 20 7697 9889,http://www.phohouse.uk/,"
39 Holloway Road, London, N7 8JP
","Mastercard, Visa"
232,"
Village Masaleh
",Indian,Casual Dining,+44 20 8623 9898,http://www.village-masaleh.co.uk/,"
182A Norwood Road, London, SE27 9AU
","Mastercard, Visa"
233,"
Efes Meze
","Turkish, Mediterranean, Greek",Casual Dining,+44 20 8293 0626,http://www.efesmeze.com/,"
Efes Meze, London, SE10 9TZ
","Mastercard, Visa"
234,"
Demartino
",Italian,Casual Dining,+44 20 7436 2547,http://www.demartino.co.uk/,"
196-198 Great Portland Street, London, W1W 5QF
","AMEX, Mastercard, Visa"
235,"
Eneko – Basque Kitchen & Bar
","Basque, Spanish",Casual Dining,+44 20 7300 0300,http://www.eneko.london/,"
One Aldwych, London, WC2B 4BZ
","AMEX, Mastercard, Visa"
236,"
Craft London
","British, Vegetarian, Contemporary British",Casual Dining,+44 20 8465 5910,http://www.craft-london.co.uk/,"
Pennisula Square, London, SE10 0SQ
","Mastercard, Visa"
237,"
Hack & Veldt
","European, Deli, Wine Bar",Casual Dining,+44 20 8742 0563,http://hackandveldt.com/,"
94 Turnham Green Terrace, London, W4 1QN
","Mastercard, Visa"
238,"
Al Basha
","Middle Eastern, Lebanese, Egyptian",Casual Dining,+44 20 7245 6000,http://www.albasha.uk/,"
48 Knightsbridge, London, SW1X 7JN
","AMEX, Mastercard, Visa"
239,"
L'Affaire
","French, British, Steak",Casual Elegant,+44 20 8616 5510,http://www.laffairelondon.com/,"
134 Wandsworth High St, London, SW18 4JP
","Diners Club, Mastercard, Visa"
240,"
Mother Mash Carnaby
",British,Casual Dining,+44 20 7494 9644,http://www.mothermash.co.uk/,"
26 Ganton Street, London, W1F 7QZ
","AMEX, Diners Club, Mastercard, Visa"
241,"
34 Mayfair Bar Counter
","Steakhouse, Global, International, Grill",Casual Elegant,+44 20 3350 3434,https://34-restaurant.co.uk/,"
34 Grosvenor Square South Audley Street, London, W1K 2HD
","Mastercard, Visa"
242,"
Daphne's
","Cocktail bar, Italian, Bar / Lounge / Bottle Service",Casual Elegant,+44 20 7589 4257,https://daphnes-restaurant.co.uk/,"
112 Draycott Avenue, London, SW3 3AE
","AMEX, Mastercard, Visa"
243,"
ULI
","Asian, Chinese, Thaï",Casual Dining,+44 20 3141 5878,http://ulilondon.com/,"
5 Ladbroke Road, London, W11 3PA
","AMEX, Mastercard, Visa"
244,"
IL Primo
",Italian,Casual Elegant,+44 20 7586 4755,http://www.ilprimorestaurant.co.uk/,"
2B Englands Lane Belsize Park, London, NW3 4TG
","Mastercard, Visa"
245,"
Carousel
",Contemporary European,Casual Dining,+44 20 7487 5564,http://www.carousel-london.com/,"
71 Blandford Street Mayfair, London, W1U 8AB
","Mastercard, Visa"
246,"
Canela Cafe
",Portuguese,Casual Dining,+44 20 7240 6926,http://www.canelacafe.com/,"
33 Earlham Street, London, WC2H 9LS
","AMEX, Mastercard, Visa"
247,"
O Ver Borough
",Italian,Casual Dining,+44 20 7378 9933,http://www.overuk.com/,"
44-46 Southwark Street, London, SE1 1UN
","AMEX, Cash not accepted, Mastercard, Visa"
248,"
Gotto Trattoria
",Italian,Casual Dining,+44 20 3424 5035,http://www.gotto.co.uk/,"
Canalside 27 East Bay Lane, London, E20 3BS
","AMEX, Mastercard, Visa"
249,"
Clipstone
","Modern European, Contemporary British",Casual Dining,+44 20 7637 0871,http://www.clipstonerestaurant.co.uk/,"
Bolsover House, London, W1W 6BB
","AMEX, Mastercard, Visa"
250,"
Breddos Tacos Clerkenwell
","Mexican, Tapas / Small Plates, Unspecified",Casual Dining,+44 20 3535 8301,http://www.breddostacos.com/,"
82 Goswell Road, London, EC1V 7DB
","AMEX, Mastercard, Visa"
251,"
Sultan Sofrasi
",Turkish,Casual Dining,+44 20 8983 9784,http://www.sultansofrasi.co.uk/,"
72 Parnell Road Bow Church, London, E3 2RU
","Mastercard, Visa"
252,"
Suvlaki Soho
","Greek, Barbecue, Mediterranean",Casual Dining,+44 20 7000 0000,http://www.suvlaki.co.uk/,"
21 Bateman Street, London, W1D 3AL
","Mastercard, Visa"
253,"
Florentine Trattoria
","Italian, Pizzeria",Casual Dining,+44 20 3146 5800,http://www.florentinerestaurant.co.uk/,"
6 Hercules Road, London, SE1 7DP
","AMEX, Diners Club, Discover, JCB, Mastercard, Visa"
254,"
MEATliquor at The Dartmouth Arms
","American, Cocktail bar, Burgers",Casual Dining,+44 20 3026 1331,https://meatliquor.com/restaurant/the-dartmouth-arms/,"
7 Dartmouth Rd, London, SE23 3HN
","Mastercard, Visa"
255,"
Pho House Kingsland
",Vietnamese,Casual Dining,+44 20 7033 0588,http://www.phohouse.uk/,"
102 Kingsland Road, London, E2 8DP
","Mastercard, Visa"
256,"
Fucina
",Italian,Casual Elegant,+44 20 7058 4444,http://www.fucina.co.uk/,"
26 Paddington Street, London, W1U 5QY
","AMEX, Mastercard, Visa"
257,"
Meridionale
","Italian, Pizzeria, Regional American (Southern)",Casual Dining,+44 20 3105 1699,http://www.meridionale.london/,"
311 New Kings Road, London, SW6 4RF
","AMEX, Mastercard, Visa"
258,"
Oldroyd
","European, Modern European",Casual Dining,+44 20 8617 9010,http://www.oldroydlondon.com/,"
344 Upper Street, London, N1 0PD
","AMEX, Mastercard, Visa"
259,"
Picture Marylebone
",Modern European,Casual Dining,+44 20 7935 0058,http://picturerestaurant.co.uk/,"
19 New Cavendish Street, London, W1G 9TZ
","AMEX, Mastercard, Visa"
260,"
IRO SUSHI
",Japanese,Casual Dining,+44 20 3581 5958,http://www.irosushi.com/,"
3 Bramlands Close Clapham Junction, London, SW11 2NR
","Mastercard, Visa"
261,"
Afternoon Tea at The Berkeley Hotel
",Afternoon Tea,Casual Elegant,+44 20 7107 8866,http://www.the-berkeley.co.uk/knightsbridge-restaurants-bars/fashion-afternoon-tea/,"
The Berkeley, London, SW1X 7RL
","AMEX, Diners Club, Mastercard, Visa"
262,"
Jikoni
","Asian, Indian, Middle Eastern",Casual Elegant,+44 20 7034 1988,http://www.jikonilondon.com/,"
19-21 Blandford Street, London, W1U 3DH
","AMEX, Mastercard, Visa"
263,"
Big Catch
","Fish, British",Casual Dining,+44 20 8663 6635,http://www.bigcatchbeckenham.com/,"
202-204 High Street, London, BR3 1EN
","JCB, Mastercard, Visa"
264,"
AL SANTO
","Italian, Greek",Home Style,+44 20 7385 8277,http://www.alsanto.co.uk/,"
23 Vanston Place, London, SW6 1AZ
","AMEX, Mastercard, Visa"
265,"
Cabotte
",French,Casual Elegant,+44 20 7600 1616,http://www.cabotte.co.uk/,"
48 Gresham Street, London, EC2V 7AY
","AMEX, Mastercard, Visa"
266,"
Tapas 44
",Spanish,Casual Dining,+44 20 7637 9388,http://www.tapas44.co.uk/,"
3 Windmill Street Fitzrovia, London, W1T 2HY
","AMEX, Mastercard, Visa"
267,"
Kasturi Restaurant
",Indian,Casual Dining,+44 20 8319 3439,http://www.kasturi-restaurant.co.uk/index.asp,"
10 The Village, London, SE7 8UD
","Mastercard, Visa"
268,"
Deli Boutique
",French,Casual Dining,+44 20 7223 9863,http://www.deliboutique.co.uk/,"
157 St. John's Hill, London, SW11 1TQ
","Mastercard, Visa"
269,"
temper Soho
","Steak, Steakhouse, Barbecue",Casual Elegant,+44 20 3879 3834,http://temperrestaurant.com/,"
25 Broadwick Street, London, W1F 0DF
","AMEX, Mastercard, Visa"
270,"
SAGARDI BASQUE COUNTRY CHEFS
","Steakhouse, Basque, Spanish",Casual Elegant,+44 20 3802 0478,http://www.sagardi.co.uk/,"
95 Curtain Road, London, EC2A 3BS
","AMEX, Diners Club, JCB, Mastercard, Visa"
271,"
The Footman - Mayfair
","British, Pub, Gastro Pub",Casual Elegant,+44 20 7499 2988,http://www.thefootmanmayfair.com/,"
5 Charles Street, London, W1J 5DF
","AMEX, Diners Club, Discover, JCB, Mastercard, Visa"
272,"
Browns - London West India Quay
","Contemporary British, British",Casual Elegant,+44 20 7987 9777,http://www.browns-restaurants.co.uk/restaurants/london/west-india-quay,"
Unit A A West India Quay 18 Hertsmere Road, London, E14 4AY
","AMEX, Mastercard, Visa"
273,"
The Chelsea Cellar
",Italian,Casual Dining,+44 20 7351 4933,http://www.thechelseacellar.co.uk/,"
9 Park Walk, London, SW10 0AJ
","AMEX, Mastercard, Visa"
274,"
Afternoon Tea at The May Fair Hotel
","Afternoon Tea, British",Casual Dining,+44 20 7915 3894,https://www.thekitchensrestaurants.co.uk/may-fair-kitchen,"
Stratton Street, London, W1J 8LT
","AMEX, Mastercard, Visa"
275,"
Afternoon Tea at Leicester Square Kitchen
","Unspecified, Mexican, Peruvian",Casual Dining,+44 20 7666 0902,https://www.thekitchensrestaurants.co.uk/leicester-square-kitchen,"
31-36 Leicester Square, London, WC2H 7LH
","AMEX, Mastercard, Visa"
276,"
Spiritland King's Cross
",Modern European,Casual Dining,+44 20 3319 0050,http://www.spiritland.com/,"
9-10 Stable Street, London, N1C 4AB
","AMEX, Mastercard, Visa"
277,"
Karri Twist
",Indian,Casual Dining,+44 20 8691 5169,http://www.karritwist.co.uk/,"
338 New Cross Road, London, SE14 6AG
","Mastercard, Visa"
278,"
MBER
","Asian, Tapas / Small Plates, Pan-Asian",Casual Elegant,+44 20 7608 6545,http://www.mber.london/,"
1a Pudding Lane, London, EC3R 8AB
","AMEX, Mastercard, Visa"
279,"
Bar20 at Birleys
","British, European",Casual Dining,+44 20 7929 1849,http://www.bar20.co.uk/,"
20 Fenchurch Street Pocket Park, London, EC3M 3BY
","AMEX, Diners Club, Mastercard, Visa"
280,"
Enoteca Turi
",Italian,Casual Elegant,+44 20 7730 3663,http://www.enotecaturi.com/index.html,"
87 Pimlico Road, London, SW1W 8PH
","AMEX, Mastercard, Visa"
281,"
Evans & Peel Detective Agency
","Cocktail bar, Tapas / Small Plates, Speakeasy",Casual Dining,+44 20 7370 5378,http://www.evansandpeel.com/,"
310C Earls Court Road, London, SW5 9BA
","AMEX, Diners Club, Mastercard, Visa"
282,"
Aquavit London
","Nordic, Contemporary European, International",Casual Elegant,+44 20 7024 9848,http://www.aquavitrestaurants.com/london,"
St James’s Market, 1 Carlton Street, London, SW1Y 4QQ
","AMEX, Cash not accepted, Mastercard, Visa"
283,"
SMOKESTAK
",Barbecue,Casual Dining,+44 20 3873 1733,http://smokestak.co.uk/,"
35 Sclater St, London, E1 6LB
","AMEX, Mastercard, Visa"
284,"
Sakagura
","Japanese, Sushi, Barbecue",Casual Dining,+44 20 3405 7230,http://www.sakaguralondon.com/,"
8 Heddon Street, London, W1B 4BS
","AMEX, JCB, Mastercard, Visa"
285,"
StreetXO
","International, Global, International, Asian",Casual Elegant,+44 20 3096 7555,http://www.streetxo.com/,"
15 Old Burlington Street, London, W1S 2JR
","AMEX, Mastercard, Visa"
286,"
George's Fish and Souvlaki Bar
","Greek, Seafood",Casual Dining,+44 20 8989 3970,http://www.georgesfishbar.co.uk/,"
164 Georges Lane, London, E18 1AY
","AMEX, Mastercard, Visa"
287,"
Signoria
",Italian,Casual Dining,+44 20 7564 3800,http://www.signoria.co.uk/home.html,"
53 Lordship Lane East Dulwich, London, SE22 8EP
","AMEX, Diners Club, Mastercard, Visa"
288,"
Melanzana
","Italian, Pizzeria",Casual Dining,+44 20 7228 5420,http://www.melanzana.co.uk/,"
140 Westbridge Road, London, SW11 3PF
","AMEX, Diners Club, Discover, JCB, Mastercard, Visa"
289,"
Sowa Restaurant & Patisserie
","Italian, Pizzeria",Casual Dining,+44 20 7228 5420,http://www.melanzana.co.uk/,"
32-33 High Street, London, W5 5DB
","Mastercard, Visa"
290,"
Lobos Meat & Tapas - Soho
","Spanish, Tapas / Small Plates",Casual Dining,+44 20 3019 5082,http://www.lobostapas.co.uk/,"
48 Frith Street, London, W1D 4SF
","AMEX, Mastercard"
291,"
Trio Pizzeria
",Italian,Casual Dining,+44 20 8835 8455,http://www.triopizzeria-uk.com/,"
19 The High Parade, London, SW16 1EX
","AMEX, Mastercard, Visa"
292,"
Cinnamon Bazaar
","Contemporary Indian, Vegetarian / Vegan, Afternoon Tea",Casual Elegant,+44 20 7395 1400,http://www.cinnamon-bazaar.com/,"
28 Maiden Lane, London, WC2E 7JS
","AMEX, Cash not accepted, JCB, Mastercard, Visa"
293,"
Babbo Restaurant
","Italian, Mediterranean",Fine Dining,+44 20 3889 0780,http://www.babborestaurant.co.uk/,"
39 Albermarle Street, London, W1S 4JQ
","AMEX, Mastercard, Visa"
294,"
Tootoomoo
","Pan-Asian, Chinese, Dim Sum",Casual Dining,+44 20 7704 6687,https://www.tootoomoo.co.uk/,"
278 St Pauls Road, London, N1 2LH
","AMEX, Mastercard, Visa"
295,"
The Ivy Soho Brasserie
","Contemporary British, British, Breakfast",Casual Elegant,+44 20 3301 1166,https://theivysohobrasserie.com/,"
26-28 Broadwick Street, London, W1F 8JB
","AMEX, Mastercard, Visa"
296,"
Booma
","Contemporary Indian, Indian, Bar / Lounge / Bottle Service",Casual Dining,+44 20 7737 4999,http://www.booma-brixton.co.uk/,"
244 Brixton Road, London, SW9 6AH
","AMEX, Mastercard, Visa"
297,"
Bacaro
",Italian,Casual Dining,+44 20 8980 0111,http://www.bacaro387.co.uk/,"
387 Roman Road, London, E3 5QR
","Mastercard, Visa"
298,"
Cabrera Steakhouse
","Steakhouse, South American",Casual Elegant,+44 20 8318 1888,http://www.cabreralondon.co.uk/,"
133 Burnt Ash Road, London, SE128RA
","AMEX, Mastercard, Visa"
299,"
Afternoon Tea at Aster Cafe
","Afternoon Tea, Contemporary French, Contemporary European",Casual Dining,+44 20 3875 5555,http://aster-restaurant.com/,"
150 Victoria Street, London, SW1E 5LB
","Mastercard, Visa"
300,"
Casa Tua King's Cross
","Italian, Breakfast, Mediterranean",Casual Dining,+44 20 7833 1483,http://www.casatualondon.com/,"
106-108 Cromer St, London, WC1H 8BZ
","Diners Club, Mastercard, Visa"
301,"
Rubio
","Pizzeria, Italian",Casual Dining,+44 20 8961 9630,http://www.rubio.co.uk/,"
43 Park Parade, London, NW10 4JD
","AMEX, Mastercard, Visa"
302,"
Con Gusto
",Italian,Fine Dining,+44 20 8465 7452,http://www.congusto.co.uk/,"
54 Number One Street Woolwich, London, SE18 6ST
","AMEX, Mastercard, Visa"
303,"
Bistro Mirey
","Bistro, French / Japanese, Comfort food",Casual Dining,+44 20 3092 6969,http://www.bistromirey.com/,"
98 Lillie Road, London, SW6 7SR
","AMEX, Mastercard, Visa"
304,"
Sichuan Chef
",Chinese (Sichuan),Casual Dining,+44 20 7244 7888,http://www.sichuanchef.co.uk/,"
15 Kenway Road, London, SW5 0RP
",Cash Only
305,"
The Lion
","Contemporary European, Pizzeria",Casual Dining,+44 20 7623 8468,http://lionec3.co.uk/,"
31 Houndstitch, London, EC3A 7DB
","AMEX, Mastercard, Visa"
306,"
Bayroot
","Lebanese, European",Casual Dining,+44 20 7998 4030,http://www.bayrootrestaurant.co.uk/,"
8 Camberwell Road, London, SE5 0EN
","Diners Club, Mastercard, Visa"
307,"
Hammer & Tongs
","Meat, Barbecue, Southern African",Casual Dining,+44 20 3774 2884,http://www.hammertongs.co.uk/,"
171 Farringdon Road, London, EC1R 3AL
","AMEX, Mastercard, Visa"
308,"
Marsha Soho
","Rotisserie Chicken, Burgers, British",Casual Dining,+44 20 3747 9820,https://www.marshalondon.co.uk/marsha-soho,"
Kingly Court Carnaby Street, London, W1B 5PW
","AMEX, Mastercard, Visa"
309,"
Santi Restaurant Pizzeria
",Italian,Casual Dining,+44 20 8555 2013,http://www.santirestaurant.com/,"
42-45 Victory Parade, London, E20 1FS
","AMEX, Mastercard, Visa"
310,"
Arthur Hooper's
","Contemporary European, British",Casual Dining,+44 20 7940 0169,http://arthurhoopers.co.uk/,"
8 Stoney Street, London, SE1 9AA
","Mastercard, Visa"
311,"
Le Relais de Venise - Soho (London)
","Steak, French, Steakhouse",Casual Dining,+44 20 3475 4202,http://www.relaisdevenise.com/,"
50 Dean St., London, W1D 5BQ
","AMEX, Mastercard, Visa"
312,"
Casa Tua Camden
","Italian, Breakfast",Casual Dining,+44 20 8127 0460,http://www.casatualondon.com/,"
176 Royal College Street, London, NW1 0SP
","Diners Club, Mastercard, Visa"
313,"
Aline Lebanese Kitchen
","Lebanese, Vegetarian / Vegan, Middle Eastern",Casual Dining,+44 20 7096 2119,http://www.alinelebanesekitchen.com/,"
14 Maddox Street, London, W1S 1PQ
","Mastercard, Visa"
314,"
Hawksmoor Borough
","Steakhouse, Wine Bar, British",Casual Elegant,+44 20 7234 9940,https://thehawksmoor.com/locations/borough/?y_source=1_MjQyMjUwMzEtODYwLWxvY2F0aW9uLndlYnNpdGU=,"
16 Winchester Walk, London, SE1 9AQ
","AMEX, Mastercard, Visa"
315,"
Boisdale of Mayfair
","British, Scottish, European",Casual Elegant,+44 20 3873 8888,https://www.boisdale.co.uk/mayfair/,"
12 North Row, London, W1K 7DF
","AMEX, Mastercard, Visa"
316,"
Sardine
","French, Mediterranean, European",Casual Dining,+44 20 7490 0144,http://www.sardine.london/,"
15 Micawber Street, London, N1 7TB
","AMEX, Mastercard, Visa"
317,"
Rail House Victoria
","Modern European, International, Pan-Asian",Casual Dining,+44 20 3906 7950,http://www.riding.house/restaurant/victoria#menus,"
8 Sir Simon Milton Square, London, SW1E 5DJ
","AMEX, Mastercard, Visa"
318,"
Pho Saigon
","Vietnamese, Asian, Southeast Asian",Casual Dining,+44 20 3659 8143,http://www.phosaigon.co.uk/,"
41 Bond Street, London, W5 5AS
","Mastercard, Visa"
319,"
L' Antipasto - Battersea
","Vietnamese, Asian, Southeast Asian",Casual Dining,+44 20 3659 8143,http://www.phosaigon.co.uk/,"
511 Battersea Park Road, London, SW11 3BW
","AMEX, Mastercard, Visa"
320,"
La Dame De Pic London
","French, French, Bar / Lounge / Bottle Service",Casual Elegant,+44 20 3297 9228,http://ladamedepiclondon.co.uk/,"
Four Seasons Hotel London at Ten Trinity Square, London, EC3N 4AJ
","AMEX, Diners Club, Mastercard, Visa"
321,"
Lena's
","Italian, Pizzeria",Casual Dining,+44 20 7622 2788,http://www.lenasbarandkitchen.co.uk/,"
39 Queenstown Road, London, SW8 3RE
","AMEX, Mastercard, Visa"
322,"
Yashin Ocean House
","Japanese, Japanese Speciality",Casual Dining,+44 20 7373 3990,http://www.yashinocean.com/,"
117 - 119 Old Brompton Road, London, SW7 3RN
","AMEX, JCB, Mastercard, Visa"
323,"
Busaba Bangkok Thai – St Christopher’s Place
",Thaï,Casual Dining,+44 20 7518 8080,http://www.busaba.com/,"
8-13 Bird Street, London, W1U 1BU
","Mastercard, Visa"
324,"
Harvester - The Mandeville Arms
",British,Home Style,+44 20 8422 2050,http://www.harvester.co.uk/restaurants/london/themandevillearmsnortholt,"
Mandeville Road, London, UB5 4LU
","AMEX, Diners Club, Mastercard, Visa"
325,"
Harvester - The Royal
",British,Home Style,+44 20 8567 3711,http://www.harvester.co.uk/restaurants/london/theroyallondon,"
Boston Road, London, W7 2AX
","AMEX, Diners Club, Mastercard, Visa"
326,"
Le Petit Sud
","French, Bistro, Wine Bar",Casual Dining,+44 20 7589 0030,http://www.lepetitsud.co.uk/,"
1D Palace Gate, London, W8 5LS
","AMEX, Mastercard, Visa"
327,"
Pho & Bun
","Asian, Vietnamese",Casual Dining,+44 20 3230 1086,http://vieteat.co.uk/pho-bun,"
76 Shaftesbury Avenue, London, W1D 6ND
","AMEX, Mastercard, Visa"
328,"
Viet Eat - Holborn
","Asian, Vietnamese",Casual Dining,+44 20 7404 4138,http://www.vieteat.co.uk/,"
48 Kingsway, London, WC2B 6EP
","AMEX, Diners Club, Mastercard, Visa"
329,"
Villa Toscana
",Italian,Casual Dining,+44 20 8692 3804,http://www.restaurantvillatoscana.co.uk/,"
179 Brockley Road, London, SE4 2RS
","Mastercard, Visa"
330,"
The Vault Bar & Lounge at The Ned – Previews
",Italian,Casual Dining,+44 20 3828 2000,http://www.thened.com/restaurants#,"
27 Poultry, London, EC2R 8AJ
","AMEX, Mastercard, Visa"
331,"
The Ivy City Garden
","Contemporary British, British, Breakfast",Casual Elegant,+44 20 3146 7744,https://theivycitygarden.com/,"
Dashwood House, 69 Old Broad Street, London, EC2M 1QS
","AMEX, Mastercard, Visa"
332,"
Mattarello Bolognese
","Italian, Contemporary European, Steak",Casual Dining,+44 20 7247 3354,http://www.sfogliabologna.uk/,"
3 Middlesex Street, London, E1 7AA
","AMEX, Diners Club, Discover, JCB, Mastercard, Visa"
333,"
The Old Bull & Bush
","Gastro Pub, English",Casual Dining,+44 20 8905 5456,https://www.thebullandbush.co.uk/,"
Elmwood North End Way, London, NW3 7HE
","Diners Club, Mastercard, Visa"
334,"
Chicken Society
",British,Casual Dining,+44 20 8349 1453,http://www.chickensociety.co.uk/,"
363 Regents Park Road, London, N3 1DH
","Mastercard, Visa"
335,"
Ritorno
","Italian, Bar / Lounge / Bottle Service, Comfort food",Casual Dining,+44 20 3301 6333,http://www.ritorno.co.uk/,"
442 King's Rd, London, SW10 0LQ
","AMEX, Mastercard, Visa"
336,"
Fountain Tap
",British,Casual Elegant,+44 20 7686 0010,http://www.fountaintap.co.uk/,"
14 Rivington Street, London, EC2A 3DU
","Mastercard, Visa"
337,"
Isabel Mayfair
","Mediterranean, European",Casual Elegant,+44 20 3096 9292,http://www.isabelw1.london/,"
26B Albemarle Street, London, W1S 4HY
","AMEX, Mastercard, Visa"
338,"
Boof Restaurant
","Persian, Halal",Casual Dining,+44 20 8567 5577,http://boofrestaurant.co.uk/,"
57 New Broadway Ealing, London, W55AH
","Mastercard, Visa"
339,"
Jashan
",Indian,Casual Dining,+44 20 8340 9880,http://www.jashan.co.uk/,"
19 Turnpike Lane, London, N8 0EP
","Mastercard, Visa"
340,"
Canada Water Cafe
","Italian, Pizzeria",Casual Dining,+44 20 3668 7518,http://www.canadawatercafe.com/,"
40 Surrey Quays Road, London, SE16 7DX
","AMEX, Mastercard, Visa"
341,"
Plough Way Cafe
",Italian,Casual Dining,+44 20 7237 1327,http://www.ploughwaycafe.com/,"
1 Seafarer Way, London, SE16 7EZ
","AMEX, Mastercard, Visa"
342,"
Gurkhas Diner
","Nepalese, Asian",Casual Dining,+44 20 8675 1188,http://gurkhasdiner.co.uk/,"
1 The Boulevard Balham High Road, London, SW17 7BW
","Mastercard, Visa"
343,"
Belgrave Restaurant
","Persian, Mediterranean, Halal",Casual Dining,+44 20 7624 4242,http://www.belgraverestaurant.com/index.html,"
1 Belgrave Gardens, London, NW8 0QY
","Mastercard, Visa"
344,"
La Rueda de Tapas
","Tapas / Small Plates, Spanish, Mediterranean",Casual Dining,+44 20 8567 4219,http://www.laruedadetapas.com/,"
12 Bond Street Ealing, London, W5 5AA
","AMEX, Mastercard, Visa"
345,"
Bread Street Kitchen & Bar — Southwark
","Modern European, Contemporary British, Cocktail bar",Casual Elegant,+44 20 7592 7977,http://www.gordonramsayrestaurants.com/bread-street-kitchen/southwark/,"
47-51 Great Suffolk Street, London, SE1 0BS
","AMEX, Mastercard, Visa"
346,"
COYA City
",Peruvian,Casual Elegant,+44 20 3907 0000,http://www.coyarestaurant.com/,"
31-33 Throgmorton Street, London, EC2N 2AT
","AMEX, Mastercard, Visa"
347,"
Farmacy
",English,Casual Dining,+44 20 7221 0705,http://www.farmacylondon.com/,"
74 Westbourne Grove, London, W2 5SH
","AMEX, Mastercard, Visa"
348,"
Sanjugo London
","Japanese, Sushi",Casual Elegant,+44 20 7613 3225,http://www.sanjugo.co.uk/,"
35 Scrutton Street, London, EC2A 4HU
","Mastercard, Visa"
349,"
Estrela Bar
","Portuguese, Tapas / Small Plates",Casual Dining,+44 20 7793 1051,http://estrelabar.com/,"
111 South Lambeth Road, London, SW8 1UZ
","AMEX, Mastercard, Visa"
350,"
Blacklock City
","Steak, Barbecue, British",Casual Dining,+44 20 7998 7676,http://theblacklock.com/,"
13 Philpot Lane, London, EC3M 8AA
","AMEX, Mastercard, Visa"
351,"
Locanda del Melo
",Italian,Casual Dining,+44 20 7403 7513,http://finefoodse1.co.uk/,"
218 Long Lane, London, SE1 4QB
","AMEX, Mastercard, Visa"
352,"
Tamarind Kitchen Soho
",Indian,Casual Dining,+44 20 7287 4243,http://www.tamarindkitchen.co.uk/,"
167-169 Wardour Street, London, W1F 8WR
","AMEX, Mastercard, Visa"
353,"
Small & Beautiful
","Italian, European, Modern European",Casual Dining,+44 20 7328 2637,http://www.smallandbeautiful.co.uk/,"
351 Kilburn High Road, London, NW6 7QB
","AMEX, Mastercard, Visa"
354,"
Comptoir Libanais - Poland Street
","Lebanese, Middle Eastern, Comfort food",Casual Dining,+44 20 7434 4335,http://www.comptoirlibanais.com/,"
52 Poland Street, London, W1F 7NQ
","AMEX, Mastercard, Visa"
355,"
Busaba Eathai - Leicester Square
","Thaï, Fusion / Eclectic",Casual Dining,+44 20 7930 0088,http://www.busaba.com/locations/busaba-leicester-square,"
35 Panton Street, London, SW1Y 4EA
","Mastercard, Visa"
356,"
Zheng Chelsea
","Chinese, Malaysian, Fusion / Eclectic",Casual Elegant,+44 20 7352 0957,http://www.zhengchelsea.co.uk/,"
4 Sydney Street, London, SW3 6PP
","AMEX, Mastercard, Visa"
357,"
Meet District
","Contemporary British, Steakhouse",Casual Dining,+44 20 7564 7215,http://www.meetdistrict.co.uk/,"
125 Queens Road Peckham, London, SE15 2ND
","AMEX, Mastercard, Visa"
358,"
The Little Square
","International, Modern European",Casual Dining,+44 20 7355 2101,http://www.thelittlesquare.co.uk/,"
3 Shepherd Market, London, W1J 7PB
","AMEX, Mastercard, Visa"
359,"
Kappa Sushi
",Sushi,Casual Dining,+44 20 7244 9196,http://www.kappasushi.co.uk/,"
139 Earls Court, London, SW5 9RH
","Mastercard, Visa"
360,"
Amjadia Indian Restaurant
","Indian, Halal",Casual Dining,+44 20 7935 0885,http://www.amjadia.co.uk/,"
15 Picton Place, London, W1U 1BW
","Mastercard, Visa"
361,"
Lokkum Bar & Grill
","Turkish, Steakhouse, Grill",Elegant Dining,+44 20 8220 1018,http://www.lokkum.co.uk/,"
Woodford New Road, London, E18 2QD
","AMEX, Mastercard, Visa"
362,"
Nobu Shoreditch
","Japanese, Sushi, Peruvian",Fine Dining,+44 20 7683 1200,https://london-shoreditch.nobuhotels.com/,"
10-50 Willow Street, London, EC2A 4BH
","AMEX, Mastercard, Visa"
363,"
Lupins
",British,Casual Dining,+44 20 3908 5888,http://www.lupinslondon.com/,"
66 Union Street, London, SE1 1TD
","AMEX, Mastercard, Visa"
364,"
33 Abbeville Road
",Contemporary British,Casual Dining,+44 20 8673 0977,http://www.33abbevilleroad.co.uk/,"
33 Abbeville Road, London, SW4 9LA
","Mastercard, Visa"
365,"
Pisqu
","Peruvian, Vegetarian / Vegan, Latin American",Casual Elegant,+44 20 7436 6123,http://www.pisqulondon.com/,"
23 Rathbone Place, London, W1T 1HZ
","AMEX, Mastercard, Visa"
366,"
Korova Restaurant
","Contemporary European, French",Casual Dining,+44 7931 903779,http://www.korovarestaurant.com/,"
9 Campdale Road, London, N7 0EA
","AMEX, Mastercard, Visa"
367,"
Ajanta Restaurant
",Indian,Casual Dining,+44 20 8743 5191,http://www.ajanta.london/,"
10-12 Goldhawk Road, London, W12 8DH
","AMEX, Mastercard, Visa"
368,"
Patri
",Indian,Casual Dining,+44 20 8743 5191,http://www.ajanta.london/,"
103 Hammersmith Grove, London, W6 0NQ
","AMEX, Mastercard, Visa"
369,"
The Grill Restaurant
",Grill,Casual Dining,+44 20 8996 5200,http://www.claytonhotelchiswick.com/,"
626 Chiswick High Road, London, W4 5RY
","AMEX, Mastercard, Visa"
370,"
The Pimlico Grid
","Breakfast, British, European",Casual Dining,+44 20 7834 5163,http://www.thepimlicogrid.com/,"
142-144 Warwick Way, London, SW1V 4JE
","AMEX, Mastercard, Visa"
371,"
Farang London
",Thaï,Casual Dining,+44 20 7226 1609,http://www.faranglondon.co.uk/,"
72 Highbury Park, London, N5 2XE
","Mastercard, Visa"
372,"
The Cork & Bottle - Paddington
","Contemporary European, Comfort food, British",Casual Dining,+44 20 7262 1485,http://www.thecorkandbottle.co.uk/paddington/,"
27 Spring Street, London, W2 1JA
","AMEX, Mastercard, Visa"
373,"
Nabrasa Express
",Brazilian Steakhouse,Casual Dining,+44 20 7377 1223,http://www.nabrasaexpress.com/,"
30 Osborn Street, London, E1 6TD
","Mastercard, Visa"
374,"
Burrito MEX
",Mexican,Casual Dining,+44 20 8355 4077,http://www.burritomex.co.uk/,"
368 Garrate Lane, London, SW18 4ES
","Mastercard, Visa"
375,"
Powderkeg
",Pizzeria,Casual Elegant,+44 20 7450 6457,http://powderkegdiplomacy.co.uk/,"
147 St. John's Hill, London, SW11 1TQ
","Mastercard, Visa"
376,"
Temakinho - Tower Bridge
","Sushi, Brazilian, Fusion / Eclectic",Casual Dining,+44 20 4580 1187,https://www.temakinho.co.uk/tower-bridge/,"
1 Tower Bridge, London, SE1 2SG
","AMEX, Mastercard, Visa"
377,"
Foley's Restaurant
","Asian, Thaï, Tapas / Small Plates",Casual Dining,+44 20 7636 4562,http://foleysrestaurant.co.uk/,"
23 Foley Street, London, W1W 6DU
","AMEX, Mastercard, Visa"
378,"
The Italian Job Chiswick
","Italian, Contemporary Italian, Pub",Casual Dining,+44 20 8994 2852,http://www.theitalianjobpub.co.uk/,"
13 Devonshire Road Chiswick, London, W4 2EU
","AMEX, Mastercard, Visa"
379,"
Champs Sports Bar & Grill- Ilford
",American,Casual Dining,+44 20 8553 5114,http://www.champsilford.co.uk/,"
19-21 Chapel Road, London, IG1 2AF
","AMEX, Diners Club, Mastercard, Visa"
380,"
Senor Ceviche - Charlotte Street
","Peruvian, Latin American, Tapas / Small Plates",Casual Dining,+44 20 7842 8540,http://www.senor-ceviche.com/,"
18 Charlotte Street, London, W1T 2LZ
","AMEX, Mastercard, Visa"
381,"
129HRD
",Modern European,Casual Dining,+44 20 3638 7322,http://www.129hrd.co.uk/,"
129 Holloway road, London, N7 8lt
","Mastercard, Visa"
382,"
Asiatique Restaurant
","Thaï, Pan-Asian",Casual Elegant,+44 20 8876 0644,http://www.asiatiquerestaurant.co.uk/,"
201 Upper Richmond Road West, London, SW14 8QT
","AMEX, Diners Club, Mastercard, Visa"
383,"
Frog by Adam Handling
","British, Contemporary British, Contemporary European",Casual Elegant,+44 20 7199 8370,http://www.frogbyadamhandling.com/,"
34-35 Southampton St, London, WC2E 7HG
","AMEX, Mastercard, Visa"
384,"
Kishmish Restaurant
","Persian, Mediterranean",Casual Dining,+44 20 8670 6969,http://kishmishrestaurant.co.uk/,"
Lower Ground Floor 13-14 Crystal Palace Parade, London, SE19 1UA
","AMEX, Diners Club, Mastercard, Visa"
385,"
Bistro Vadouvan
",Contemporary French,Casual Elegant,+44 20 3475 3776,http://www.bistrovadouvan.co.uk/,"
30 Brewhouse Lane Putney Wharf, Putney, London, SW15 2JX
","AMEX, Diners Club, Mastercard, Visa"
386,"
Fancy Crab
","Seafood, Burgers, International",Casual Dining,+44 20 3096 9484,http://www.fancycrab.co.uk/,"
92 Wigmore Street, London, W1U 3Rd
","AMEX, Mastercard, Visa"
387,"
Sushi Murasaki
","Sushi, Japanese, Creative Japanese",Fine Dining,+44 20 7289 0224,http://www.sushi-murasaki.co.uk/,"
12 Lauderdale Road, London, W9 1LU
","AMEX, Mastercard, Visa"
388,"
Patara - Wimbledon
","Thaï, Asian, Cocktail bar",Casual Dining,+44 20 3149 2911,http://www.pataralondon.com/,"
18 High Street, London, SW19 5DX
","AMEX, Mastercard, Visa"
389,"
Nippon Izakaya
","Japanese, Sushi",Casual Dining,+44 20 8343 9008,http://nipponizakaya.co.uk/,"
843 High Road, London, N12 8PT
","Mastercard, Visa"
390,"
Jamon Jamon
",Spanish,Casual Dining,+44 20 7284 0606,http://jamonjamon.uk.com/contact-us/,"
38 Parkway Camden, London, NW1 7AH
","Mastercard, Visa"
391,"
Riverside Fish and Steak House
","Seafood, Steak, Fish",Casual Dining,+44 1322 336460,https://www.riversidefishandsteakhouseerith.co.uk/,"
16 Town Square, London, DA8 1RE
","AMEX, Mastercard, Visa"
392,"
Sushi Bar Atariya
","Sushi, Japanese",Casual Dining,+44 20 7328 5338,http://www.sushibaratariya.co.uk/swiss-cottage.html,"
75 Fairfax Road, London, NW6 4EE
","Mastercard, Visa"
393,"
Symposium
",Italian,Casual Dining,+44 20 8981 8509,http://www.symposiumlondon.co.uk/,"
363 Roman Road, London, E3 5QR
","AMEX, Mastercard, Visa"
394,"
Comptoir Café and Wine
","Wine Bar, French",Casual Dining,+44 20 7499 9800,http://www.comptoir-cafe-and-wine.co.uk/,"
21-22 Weighhouse Street, London, W1K 5LY
","AMEX, Mastercard, Visa"
395,"
Camino Shoreditch
",Spanish,Casual Dining,+44 20 3948 5003,http://www.camino.uk.com/,"
2 Curtain Road, London, EC2A 3BL
","AMEX, Mastercard, Visa"
396,"
Maison Du Mezze - Leicester Square
","Lebanese, Middle Eastern, Mediterranean",Casual Dining,+44 20 3011 1114,http://maisondumezze.com/,"
14 Leicester Square, London, WC2H 7NG
","AMEX, Diners Club, Discover, Mastercard, Visa"
397,"
Amigos Mediterranean Restaurant
","Mediterranean, Spanish, Colombian",Home Style,+44 20 3489 4306,http://www.amigosmediterranean.com/,"
25-27 Bagshot Street, London, SE17 2QW
","AMEX, Mastercard, Visa"
398,"
The Wigmore
",Pub,Casual Dining,+44 20 7965 0198,http://www.the-wigmore.co.uk/,"
15 Langham Place Upper Regent Street, London, W1B 1JA
","AMEX, Mastercard, Visa"
399,"
Delamina
","Mediterranean, Middle Eastern, Home cooking",Casual Dining,+44 20 3026 6810,http://www.delaminamarylebone.co.uk/,"
56-58 Marylebone Lane, London, W1U 2NX
","AMEX, Diners Club, JCB, Mastercard, Visa"
400,"
Omnino Brazilian Barbecue
","Steak, South American, Latin American",Casual Dining,+44 20 3490 3132,http://www.omninorestaurants.com/,"
7-9 St Bride Street, London, EC4A 4AS
","AMEX, Mastercard, Visa"
401,"
Virundhu
","Asian, Sri Lankan",Casual Elegant,+44 20 8866 7500,http://virundhurestaurant.com/,"
113 Field End Road Pinner, London, HA5 1QG
","Mastercard, Visa"
402,"
VQ Aldgate
",International,Casual Dining,+44 20 3301 7224,https://www.vqrestaurants.com/locations/aldgate,"
9 Aldgate High St, London, EC3N 1AH
","AMEX, Mastercard, Visa"
403,"
Stecca
",Italian,Casual Dining,+44 20 7460 2322,http://www.stecca.co.uk/,"
14 Hollywood Road, London, SW10 9HY
","AMEX, Mastercard, Visa"
404,"
El Vino Olde Wine Shades
","Tapas / Small Plates, Mediterranean, Winery",Casual Dining,+44 20 7626 6876,https://www.davy.co.uk/wine-bar/the-olde-wine-shades/,"
6 Martin Lane, London, EC4R 0DP
","AMEX, Mastercard, Visa"
405,"
Go Viet
","Vietnamese, Asian, Fusion / Eclectic",Casual Dining,+44 20 7589 6432,http://vietnamfood.co.uk/,"
53 Old Brompton Road, London, SW7 3JS
","AMEX, Mastercard, Visa"
406,"
Artesian Bar
","Bar / Lounge / Bottle Service, Burgers, Tapas / Small Plates",Casual Dining,+44 20 7636 1000,http://www.artesian-bar.co.uk/,"
1C Portland Place, London, W1B 1JA
","AMEX, Mastercard, Visa"
407,"
Hovarda
","Mediterranean, Greek, Turkish",Casual Elegant,+44 20 3019 3460,http://www.hovarda.london/,"
36-40 Rupert Street, London, W1D 6DW
","AMEX, Diners Club, Mastercard, Visa"
408,"
Kimchee Pancras Square
","Contemporary Korean, Asian",Casual Elegant,+44 20 3907 8474,http://kimchee.uk.com/,"
2 Pancras Square Camden, London, N1C 4AG
","AMEX, Mastercard, Visa"
409,"
Tanakatsu
","Japanese, Sushi",Casual Dining,+44 121 389 4111,http://tanakatsu.co.uk/,"
10 Wakley Street, London, EC1V 7LT
","Mastercard, Visa"
410,"
Jazzgir
","Mediterranean, Turkish",Casual Elegant,+44 20 7001 0400,http://www.jazzgir.co.uk/,"
15-16 Harbour Exchange Square, London, E14 9GE
","AMEX, Mastercard, Visa"
411,"
Bordelaise
","French, Steakhouse, Regional French (Southwestern)",Casual Dining,+44 20 8767 5008,http://bordelaise.co.uk/,"
Units 9-11 Broadway Market, London, SW17 0RJ
","Mastercard, Visa"
412,"
Jean-George’s at The Connaught
","Bistro, British, English",Casual Elegant,+44 20 7107 8861,http://www.the-connaught.co.uk/mayfair-restaurants/jean-georges/,"
The Connaught, London, W1K 2AL
","AMEX, Diners Club, Mastercard, Visa"
413,"
Afternoon Tea at The Connaught
","Afternoon Tea, British, English",Casual Elegant,+44 20 7107 8861,http://www.the-connaught.co.uk/mayfair-restaurants/london-afternoon-tea/,"
The Connaught Carlos Place, London, W1K 2AL
","AMEX, Diners Club, Mastercard, Visa"
414,"
Macellaio RC Battersea
",Italian,Casual Dining,+44 20 3848 4800,http://www.macellaiorc.com/,"
124 Northcote Road, London, SW11 6QU
","AMEX, Discover, JCB, Mastercard, Visa"
415,"
KIKUCHI
","Sushi, Fish",Casual Elegant,+44 20 7637 7720,http://kikuchisushi.com/,"
14 Hanway Street, London, W1T 1UD
","AMEX, JCB, Mastercard, Visa"
416,"
Navarro's Restaurant
","Spanish, Tapas / Small Plates",Casual Dining,+44 20 7637 7713,http://www.navarros-tapas-london.co.uk/,"
67 Charlotte Street, London, W1T 4PH
","AMEX, Mastercard, Visa"
417,"
Dirty Bones Soho
","American, Comfort food, Burgers",Casual Dining,+44 20 3019 9064,http://www.dirty-bones.com/,"
14 Denman Street, London, W1D 7HJ
","Mastercard, Visa"
418,"
Dirty Bones Carnaby
","American, Comfort food, Burgers",Casual Dining,+44 20 3019 9062,http://www.dirty-bones.com/,"
Top Floor, Kingly Court Carnaby Street, London, W1B 5PW
","Mastercard, Visa"
419,"
Dirty Bones Shoreditch
","American, Comfort food, Burgers",Casual Dining,+44 20 3019 9063,http://www.dirty-bones.com/,"
1 Club Row, London, E1 6JX
","Mastercard, Visa"
420,"
The Hideaway Bar
","Burgers, Pizzeria",Casual Dining,+44 20 7561 0779,http://www.thehideawaybar.co.uk/,"
114 Junction Road, London, N19 5LB
","AMEX, Mastercard, Visa"
421,"
Afternoon Tea At Park Terrace
",Afternoon Tea,Casual Dining,+44 20 7361 0602,http://www.royalgardenhotel.co.uk/,"
2-24 Kensington High Street, London, W8 4PT
","AMEX, Diners Club, Mastercard, Visa"
422,"
Dukes London - Afternoon Tea
",Afternoon Tea,Casual Dining,+44 20 7361 0602,http://www.royalgardenhotel.co.uk/,"
35 Saint James's Place, London, SW1A 1NY
","AMEX, Mastercard, Visa"
423,"
Curtis Caribbean Grill & Specialty Cakes
",Caribbean,Casual Dining,+44 20 3489 9119,http://www.facebook.com/curtiscaribbean,"
216 Middle Lane, London, N8 7LA
","Mastercard, Visa"
424,"
The Oh Boy
",Thaï,Casual Dining,+44 20 8947 9760,http://www.ohboythai.co.uk/,"
843 Garratt Lane, London, SW17 0PG
","AMEX, Mastercard, Visa"
425,"
Silver Lining
","Global, International",Casual Dining,+44 20 8510 1782,http://silverlininge9.com/,"
13 Morning Lane, London, E9 6ND
","AMEX, Mastercard, Visa"
426,"
The Kitty Hawk
",Modern European,Casual Elegant,+44 20 3319 9199,http://thekittyhawk.co.uk/,"
13, 14 South Pl. Finsbury, London, EC2M 7EB
","AMEX, Mastercard, Visa"
427,"
temper City
","Steakhouse, Steak, Barbecue",Casual Elegant,+44 20 3004 6984,http://www.temperrestaurant.com/,"
2 Angel Court, London, EC2R 7HJ
","AMEX, Mastercard, Visa"
428,"
Angelus Restaurant
",French,Casual Elegant,+44 20 7402 0083,http://www.angelusrestaurant.co.uk/,"
4 Bathurst Street, London, W2 2SD
","AMEX, JCB, Mastercard, Visa"
429,"
1n1 fashion n pizza
","Italian, Pizzeria, Contemporary Italian",Home Style,+44 7763 253340,http://www.1n1fashionnpizza.com/,"
54 Middlesex Street, London, E1 7EZ
","AMEX, Mastercard, Visa"
430,"
Cinnamon Kitchen Battersea
",Indian,Casual Elegant,+44 20 3995 5075,http://www.cinnamon-kitchen.com/battersea,"
4 Arches Lane, London, SW11 8AB
","AMEX, JCB, Mastercard, Visa"
431,"
Freak Scene
","Asian, Creative Japanese, Pan-Asian",Casual Elegant,+44 20 3995 5075,http://www.freakscenerestaurants.com/,"
28 Parsons Green Lane, London, SW6 4HS
","AMEX, Mastercard, Visa"
432,"
The Grafton Arms
",Gastro Pub,Casual Dining,+44 20 7387 7923,http://www.graftonarms.co.uk/,"
72 Grafton Way, London, W1T 5DU
","AMEX, Mastercard, Visa"
433,"
Piccola Italia Ealing
","Italian, Vegan, Seafood",Casual Dining,+44 20 8840 0700,http://www.piccolaitaliaealing.com/,"
21 The Green, London, W5 5DA
","AMEX, Mastercard, Pay with OpenTable, Visa"
434,"
Tupi
","Global, International, South American, Italian",Casual Dining,+44 20 7635 5949,http://tupilondon.com/,"
206 Rye Lane, London, SE15 4NL
","AMEX, Mastercard, Visa"
435,"
The Running Horse
",British,Casual Dining,+44 20 3883 8286,http://www.therunninghorsealdgate.co.uk/,"
7 Piazza Walk Leman Street, London, E1 8FU
","AMEX, Mastercard, Visa"
436,"
Kilikya Mile End
",Turkish,Casual Dining,+44 20 8980 2986,http://www.kilikyagroup.co.uk/,"
44A Palmers Road, London, E2 0TA
","Mastercard, Visa"
437,"
TAKA Mayfair
",Japanese,Casual Elegant,+44 20 3637 7677,http://takalondon.com/,"
Shepherd Market, London, W1J 7QH
","AMEX, Mastercard, Visa"
438,"
Fiume
",Italian,Casual Dining,+44 20 3904 9010,http://www.fiume-restaurant.co.uk/,"
Circus West, London, SW8 5BN
","Mastercard, Visa"
439,"
Room 43
","Middle Eastern, Persian, Tapas / Small Plates",Casual Elegant,+44 20 7924 3360,http://www.room43.co.uk/,"
43 Lavender Hill, London, SW11 5QW
","Mastercard, Visa"
440,"
Moc Kitchen
",Vietnamese,Casual Dining,+44 20 7839 1420,http://mockitchen.co.uk/,"
Unit 2,9,10 The Arches, London, WC2N 6NG
","AMEX, Mastercard, Visa"
441,"
The Drunken Butler
","French, Persian",Casual Dining,+44 20 7101 4020,http://www.thedrunkenbutler.com/,"
20 Rosebery Avenue, London, EC1R 4SX
","AMEX, Mastercard, Visa"
442,"
Dirty Bones Kensington
","American, Comfort food, Burgers",Casual Dining,+44 20 3019 9061,http://www.dirty-bones.com/,"
20 Kensington Church Street, London, W8 4EP
","Mastercard, Visa"
443,"
Afternoon Tea at Fifth Floor Bar
",Afternoon Tea,Casual Dining,+44 20 7235 5250,http://www.harveynichols.com/restaurant/knightsbridge-dining/cafe-and-terrace,"
109-125 Knightsbridge Belgravia, London, SW1X 7RJ
","AMEX, Mastercard, Visa"
444,"
Fifth Floor Bar at Harvey Nichols Knightsbridge
",Modern European,Casual Dining,+44 20 7823 1839,https://www.harveynichols.com/restaurant/knightsbridge-dining/fifth-floor-bar/,"
109-125 Knightsbridge, London, SW1X 7RJ
","AMEX, Mastercard, Visa"
445,"
Indian Moment – Battersea Rise
","Indian, Contemporary Indian, Halal",Casual Dining,+44 20 7223 6575,http://www.indianmoment.co.uk/,"
44 Battersea Rise, London, SW11 1EE
","AMEX, Mastercard, Visa"
446,"
Rambla
","Spanish, French, Fusion / Eclectic",Casual Dining,+44 20 7734 8428,http://ramblalondon.com/,"
64 Dean Street, London, W1D 4QQ
","AMEX, Mastercard, Visa"
447,"
Pie Republic
",English,Casual Dining,+44 20 8552 8245,http://pierepublic.co.uk/,"
80 Upton Lane Forest Gate, London, E7 9LW
","Mastercard, Visa"
448,"
Bread Centrale
","Modern European, Contemporary European, Steak",Casual Dining,+44 20 7978 5055,http://breadcentrale.co.uk/,"
Unit C Moasses House Plantation Wharf, Cotton Row, London, SW11 3TN
","Mastercard, Visa"
449,"
Zizzi - Westfield
",Italian,Casual Dining,+44 20 8740 3222,http://www.zizzi.co.uk/italian/restaurants/london/shephards-bush,"
South West Mall Westfield White City, London, W12 7GB
","AMEX, Mastercard, Visa"
450,"
Chit Chaat Chai
","Indian, Halal",Casual Dining,+44 20 8480 2364,http://www.chitchaatchai.com/,"
356 Old York Road, London, SW18 1SS
","AMEX, Mastercard, Visa"
451,"
Bowling Bird
",Mediterranean,Casual Elegant,+44 20 7324 7742,http://www.bowlingbird.com/,"
44 Cloth Fair, London, EC1A 7JQ
","Mastercard, Visa"
452,"
HERE - Crouch End
","Contemporary British, Fusion / Eclectic, Tapas / Small Plates",Casual Dining,+44 20 8347 7546,http://www.herecrouchend.co.uk/,"
1 Park Road, London, N8 8TE
","AMEX, Mastercard, Visa"
453,"
Da Henrietta
","Italian, Contemporary Italian, Regional Italian (Sardinia)",Casual Dining,+44 20 3794 5314,http://www.henriettahotel.com/,"
14-15 Henrietta Street, London, WC2E 8QH
","AMEX, Mastercard, Visa"
454,"
ASK Italian London - Gloucester Arcade
",Italian,Casual Dining,+44 20 3802 3325,http://www.askitalian.co.uk/restaurant/london-gloucester-arcade/,"
23 - 24 Gloucester Arcade, London, SW7 4SF
","Mastercard, Visa"
455,"
ASK Italian London Park Street
",Italian,Casual Dining,+44 20 3802 3035,http://www.askitalian.co.uk/restaurant/london-park-street/,"
121 - 125 Park Street Marylebone, London, W1K 7JA
","Mastercard, Visa"
456,"
ASK Italian London Spice Quay
",Italian,Casual Dining,+44 20 3092 0201,http://www.askitalian.co.uk/restaurant/london-spice-quay/,"
34 Shad Thames Butlers Wharf, London, SE1 2YG
","Mastercard, Visa"
457,"
ASK Italian London Spring Street
",Italian,Casual Dining,+44 20 3302 0915,http://www.askitalian.co.uk/restaurant/london-spring-street/,"
41- 43 Spring Street, London, W2 1JA
","Mastercard, Visa"
458,"
ASK Italian Northwood
",Italian,Casual Dining,+44 1923 903747,http://www.askitalian.co.uk/restaurant/northwood/,"
35A Green Lane Northwood, London, HA6 2PX
","Mastercard, Visa"
459,"
Noizé
","Modern European, French",Casual Dining,+44 20 7323 1310,http://www.noize-restaurant.co.uk/,"
39 Whitfield Street, London, W1T 2SF
","AMEX, Mastercard, Visa"
460,"
The Great Chase
","British, Farm-to-table",Casual Dining,+44 20 7998 0640,http://www.thegreatchase.co.uk/,"
316 St. John Street, London, EC1V 4NT
","Mastercard, Visa"
461,"
La Tagliata Fitzrovia
",Italian,Casual Elegant,+44 20 3538 7200,http://www.la-tagliata.com/fitzrovia.html,"
45 Grafton Way, London, W1T 5DQ
","AMEX, Mastercard, Visa"
462,"
Yucca
",Tex-Mex,Casual Dining,+44 20 3080 0881,http://www.yucca-fulham.com/,"
496 Fulham Road, London, SW6 5NH
","AMEX, Mastercard, Visa"
463,"
Omar's Place
",Mediterranean,Casual Elegant,+44 7881 777227,http://www.omarsplace.co.uk/,"
13 Cambridge Street, London, SW1V 4PR
","AMEX, Mastercard, Visa"
464,"
Vadi restaurant
",Turkish,Casual Dining,+44 20 8882 2228,http://www.vadipalmersgreen.co.uk/,"
430-434 Green Lanes Palmers Green, London, N13 5XG
","Mastercard, Visa"
465,"
Rossopomodoro - Camden
","Pizzeria, Italian",Casual Dining,+44 20 7424 9900,http://www.rossopomodoro.co.uk/,"
10 Jamestown Road, London, NW1 7BY
","AMEX, Mastercard, Visa"
466,"
Rossopomodoro - Covent Garden
","Pizzeria, Italian",Casual Dining,+44 20 7240 9095,https://www.rossopomodoro.co.uk/,"
50-52 Monmouth Street, London, WC2H 9EP
","AMEX, Mastercard, Visa"
467,"
Rossopomodoro - Hoxton
","Pizzeria, Italian",Casual Dining,+44 20 7739 1899,https://www.rossopomodoro.co.uk/,"
1 Rufus Street, London, N1 6PE
","Mastercard, Visa"
468,"
Boxcar Bar & Grill
","Steakhouse, Burgers, Steak",Casual Dining,+44 20 3006 7000,http://www.boxcar.co.uk/,"
23 New Quebec Street, London, W1H 7SD
","AMEX, Mastercard, Visa"
469,"
MAM
",Vietnamese,Casual Dining,+44 20 7792 2665,http://www.mamlondon.com/,"
16 All Saints Road, London, W11 1HH
","Mastercard, Visa"
470,"
The London Burger Co
",American,Casual Elegant,+44 20 8340 6600,http://www.thelondonburgerco.com/,"
179 Priory Road, London, N8 8NB
","AMEX, Diners Club, Mastercard, Visa"
471,"
Le Merlin
",French,Casual Dining,+44 20 3489 2853,http://www.instagram.com/lemerlin_creperie/,"
78 Lower Clapton Road, London, E5 0RN
","Mastercard, Visa"
472,"
Matsya
","Indian, Seafood, Contemporary Indian",Fine Dining,+44 20 7499 8953,http://www.matsyadining.com/,"
54 Curzon Street, London, W1J 8PG
","AMEX, Mastercard, Visa"
473,"
Parsons
","Fish, Seafood, Modern European",Casual Dining,+44 20 3422 0221,http://www.parsonslondon.co.uk/,"
39 Endell Street, London, WC2H 9BA
","AMEX, Diners Club, Mastercard, Visa"
474,"
The Natural Kitchen Angel Court
","British, Modern European, Continental",Casual Dining,+44 20 7374 8012,http://www.thenaturalkitchen.com/,"
1A Copthall Avenue, London, EC2R 7BH
","AMEX, Mastercard, Visa"
475,"
The Natural Kitchen Aldersgate
","British, Modern European, Continental",Casual Dining,+44 20 7600 7156,http://www.naturalkitchen.co.uk/london-aldersgate/,"
176 Aldersgate Street, London, EC1A 4HU
","AMEX, Mastercard, Visa"
476,"
The Natural Kitchen Trinity Square
","British, Modern European, Continental",Casual Dining,+44 20 7702 4038,https://www.naturalkitchen.co.uk/london-trinity-square/,"
7 Pepys Street, London, EC3N 4AF
","AMEX, Mastercard, Visa"
477,"
The Natural Kitchen Baker Street
","British, Modern European, Continental",Casual Dining,+44 20 7935 0987,http://www.naturalkitchen.co.uk/london-baker-street/,"
55 Baker Street, London, W1U 8EW
","AMEX, Mastercard, Visa"
478,"
The Natural Kitchen St Katharine Docks
","Modern European, British, Continental",Casual Dining,+44 20 7481 3308,http://www.naturalkitchen.co.uk/,"
1 Commodity Quay Tower Bridge, London, E1W 1AZ
","AMEX, Mastercard, Visa"
479,"
Dhaba@49
",Indian,Casual Dining,+44 20 3489 2424,http://dhaba49.com/,"
49 Chippenham Road, London, W9 2AH
","Mastercard, Visa"
480,"
Hide Ground
",British,Casual Elegant,+44 20 3146 8666,http://www.hide.co.uk/,"
85 Piccadilly, London, W1J 7NB
","AMEX, Mastercard, Visa"
481,"
Harry’s Dolce Vita
","Italian, Contemporary Italian, Regional Italian (Sardinia)",Casual Elegant,+44 20 3940 1020,https://www.harrysdolcevita.com/,"
27-31 Basil Street, Knightsbridge, London, SW3 1BB
","AMEX, Mastercard, Visa"
482,"
The Granary Square Brasserie
","Contemporary British, British, Breakfast",Casual Elegant,+44 20 3940 1000,https://www.granarysquarebrasserie.com/,"
1 Granary Square, London, N1C 4AB
","AMEX, Mastercard, Visa"
483,"
Hide Above
",British,Elegant Dining,+44 20 3146 8666,http://www.hide.co.uk/,"
85 Piccadilly, London, W1J 7NB
","AMEX, Mastercard, Visa"
484,"
Forty Dean Street
","Italian, Mediterranean",Casual Elegant,+44 20 7734 1853,http://www.fortydeanstreet.com/,"
40 Dean Street, London, W1D 4PX
","Mastercard, Visa"
485,"
Bluebird Café White City
","International, British",Casual Dining,+44 20 3940 0700,http://bluebirdcafe.co.uk/,"
Television Centre, London, W12 7FR
","AMEX, Mastercard, Visa"
486,"
Yen Restaurant
","Japanese, Sushi, Soba",Fine Dining,+44 20 3915 6976,http://www.yen-london.co.uk/,"
190 Strand 5 Arundel Street, London, WC2R 3DX
","AMEX, Mastercard, Visa"
487,"
Emilia's Crafted Pasta - St Katharine Docks
",Italian,Casual Dining,+44 20 7481 2004,http://www.emiliaspasta.com/,"
Unit C3, Ivory House, London, E1W 1AT
","Mastercard, Visa"
488,"
Ezra's Kitchen
",Italian,Casual Dining,+44 20 7481 2004,http://www.emiliaspasta.com/,"
185A High Road, London, N22 6BA
","AMEX, Mastercard, Visa"
489,"
Firebrand Pizza
",Italian,Casual Dining,+44 20 7724 6764,http://www.firebrandpizza.co.uk/,"
41-43 Lisson Grove, London, NW1 6UB
","Mastercard, Visa"
490,"
Cubé Mayfair
","Japanese, Sushi, Japanese (Washoku)",Fine Dining,+44 20 7165 9506,http://cubemayfair.com/,"
4 Blenheim Street, London, W1S 1LB
","AMEX, Mastercard, Visa"
491,"
O Moinho
",Portuguese,Casual Elegant,+44 20 7498 6333,http://www.omoinho.co.uk/,"
355A Wandsworth Road, London, SW8 2JH
","AMEX, Diners Club, JCB, Mastercard, Visa"
492,"
PHO District
","Vietnamese, Asian",Casual Elegant,+44 20 8748 2548,http://www.phodistrict.co.uk/,"
216 King Street Hammersmith and Fulham, London, W6 0RA
","Mastercard, Visa"
493,"
Eeshi's Kitchen
","Global, International, Halal, Burgers",Casual Dining,+44 20 3609 1766,http://eeshiskitchen.com/index.html,"
Unit G2 Excel Marina, Capital East Appt 21 Western Gateway, Royal Victoria, London, E16 1AT
","AMEX, Mastercard, Visa"
494,"
NYEAT
","Contemporary American, Steak, Seafood",Casual Elegant,+44 20 3674 1783,http://www.nyeat.co.uk/,"
14 Leopold Road, London, SW19 7BD
","AMEX, Mastercard, Visa"
495,"
India India
","Indian, Contemporary Indian, Vegetarian",Casual Dining,+44 20 7353 2898,http://www.indiaindiarestaurant.co.uk/,"
8 Crane Court, London, EC4A 2EJ
","AMEX, Mastercard, Visa"
496,"
Breddos Tacos Soho
","Mexican, Tapas / Small Plates, Cocktail bar",Casual Dining,+44 20 3890 8545,http://www.breddostacos.com/,"
26 Kingly Street, London, W1B 5QD
","AMEX, Mastercard, Visa"
497,"
P.F. Chang's Asian Table
","Chinese, Japanese, Korean",Casual Dining,+44 20 3410 7500,http://www.pfchangs.co.uk/,"
10 Great Newport Street, London, WC2H 7JA
","AMEX, Mastercard, Visa"
498,"
Wright Brothers Battersea
","Seafood, British, Meat",Casual Dining,+44 20 7324 7734,https://thewrightbrothers.co.uk/pages/battersea-seafood-restaurant,"
26 Circus West Village Battersea Power Station, London, SW8 4NN
","AMEX, Mastercard, Visa"
499,"
Arlo's Battersea
","Steak, Vegetarian / Vegan, British",Casual Dining,+44 20 3019 3737,https://www.arlos.co.uk/,"
47 Northcote Road, London, SW11 1NJ
","Mastercard, Visa"
